AlHN,BiTeI
AlHO,BiTeI
AlHS,BiTeI
AlHSe,BiTeI
AlHTe,BiTeI
AlNH,BiTeI
AlNN,BiTeI
AlNO,BiTeI
AlNF,BiTeI
AlNS,BiTeI
AlNCl,BiTeI
AlNSe,BiTeI
AlNBr,BiTeI
AlNTe,BiTeI
AlNI,BiTeI
AlOH,BiTeI
AlON,BiTeI
AlOO,BiTeI
AlOF,BiTeI
AlOS,BiTeI
AlOCl,BiTeI
AlOSe,BiTeI
AlOBr,BiTeI
AlOTe,BiTeI
AlOI,BiTeI
AlFN,BiTeI
AlFO,BiTeI
AlFS,BiTeI
AlFSe,BiTeI
AlFTe,BiTeI
AlSH,BiTeI
AlSN,BiTeI
AlSO,BiTeI
AlSF,BiTeI
AlSS,BiTeI
AlSCl,BiTeI
AlSSe,BiTeI
AlSBr,BiTeI
AlSTe,BiTeI
AlSI,BiTeI
AlClN,BiTeI
AlClO,BiTeI
AlClS,BiTeI
AlClSe,BiTeI
AlClTe,BiTeI
AlSeH,BiTeI
AlSeN,BiTeI
AlSeO,BiTeI
AlSeF,BiTeI
AlSeS,BiTeI
AlSeCl,BiTeI
AlSeBr,BiTeI
AlSeI,BiTeI
AlBrN,BiTeI
AlBrO,BiTeI
AlBrS,BiTeI
AlBrSe,BiTeI
AlBrTe,BiTeI
AlTeH,BiTeI
AlTeN,BiTeI
AlTeO,BiTeI
AlTeF,BiTeI
AlTeS,BiTeI
AlTeCl,BiTeI
AlTeBr,BiTeI
AlTeI,BiTeI
AlIN,BiTeI
AlIO,BiTeI
AlIS,BiTeI
AlISe,BiTeI
AlITe,BiTeI
SiHH,BiTeI
SiHN,BiTeI
SiHO,BiTeI
SiHF,BiTeI
SiHS,BiTeI
SiHCl,BiTeI
SiHSe,BiTeI
SiHBr,BiTeI
SiHTe,BiTeI
SiHI,BiTeI
SiNH,BiTeI
SiNN,BiTeI
SiNO,BiTeI
SiNF,BiTeI
SiNS,BiTeI
SiNCl,BiTeI
SiNSe,BiTeI
SiNBr,BiTeI
SiNTe,BiTeI
SiNI,BiTeI
SiOH,BiTeI
SiON,BiTeI
SiOO,BiTeI
SiOF,BiTeI
SiOS,BiTeI
SiOCl,BiTeI
SiOSe,BiTeI
SiOBr,BiTeI
SiOTe,BiTeI
SiOI,BiTeI
SiFH,BiTeI
SiFN,BiTeI
SiFO,BiTeI
SiFF,BiTeI
SiFS,BiTeI
SiFCl,BiTeI
SiFSe,BiTeI
SiFBr,BiTeI
SiFTe,BiTeI
SiFI,BiTeI
SiSH,BiTeI
SiSN,BiTeI
SiSO,BiTeI
SiSF,BiTeI
SiSS,BiTeI
SiSCl,BiTeI
SiSSe,BiTeI
SiSBr,BiTeI
SiSTe,BiTeI
SiSI,BiTeI
SiClH,BiTeI
SiClN,BiTeI
SiClO,BiTeI
SiClF,BiTeI
SiClS,BiTeI
SiClCl,BiTeI
SiClSe,BiTeI
SiClBr,BiTeI
SiClTe,BiTeI
SiClI,BiTeI
SiSeH,BiTeI
SiSeN,BiTeI
SiSeO,BiTeI
SiSeF,BiTeI
SiSeS,BiTeI
SiSeCl,BiTeI
SiSeSe,BiTeI
SiSeBr,BiTeI
SiSeTe,BiTeI
SiSeI,BiTeI
SiBrH,BiTeI
SiBrN,BiTeI
SiBrO,BiTeI
SiBrF,BiTeI
SiBrS,BiTeI
SiBrCl,BiTeI
SiBrSe,BiTeI
SiBrBr,BiTeI
SiBrTe,BiTeI
SiBrI,BiTeI
SiTeH,BiTeI
SiTeN,BiTeI
SiTeO,BiTeI
SiTeF,BiTeI
SiTeS,BiTeI
SiTeCl,BiTeI
SiTeSe,BiTeI
SiTeBr,BiTeI
SiTeTe,BiTeI
SiTeI,BiTeI
SiIH,BiTeI
SiIN,BiTeI
SiIO,BiTeI
SiIF,BiTeI
SiIS,BiTeI
SiICl,BiTeI
SiISe,BiTeI
SiIBr,BiTeI
SiITe,BiTeI
SiII,BiTeI
CaHH,BiTeI
CaHN,BiTeI
CaHO,BiTeI
CaHF,BiTeI
CaHS,BiTeI
CaHCl,BiTeI
CaHBr,BiTeI
CaHI,BiTeI
CaNH,BiTeI
CaNN,BiTeI
CaNO,BiTeI
CaNF,BiTeI
CaNS,BiTeI
CaNCl,BiTeI
CaNBr,BiTeI
CaNI,BiTeI
CaOH,BiTeI
CaON,BiTeI
CaOO,BiTeI
CaOF,BiTeI
CaOS,BiTeI
CaOCl,BiTeI
CaOBr,BiTeI
CaOI,BiTeI
CaFH,BiTeI
CaFN,BiTeI
CaFO,BiTeI
CaFF,BiTeI
CaFS,BiTeI
CaFCl,BiTeI
CaFBr,BiTeI
CaFI,BiTeI
CaSH,BiTeI
CaSN,BiTeI
CaSO,BiTeI
CaSF,BiTeI
CaSS,BiTeI
CaSCl,BiTeI
CaSBr,BiTeI
CaSI,BiTeI
CaClH,BiTeI
CaClN,BiTeI
CaClO,BiTeI
CaClF,BiTeI
CaClS,BiTeI
CaClCl,BiTeI
CaClBr,BiTeI
CaClI,BiTeI
CaBrH,BiTeI
CaBrN,BiTeI
CaBrO,BiTeI
CaBrF,BiTeI
CaBrS,BiTeI
CaBrCl,BiTeI
CaBrBr,BiTeI
CaBrI,BiTeI
CaIH,BiTeI
CaIN,BiTeI
CaIO,BiTeI
CaIF,BiTeI
CaIS,BiTeI
CaICl,BiTeI
CaIBr,BiTeI
CaII,BiTeI
ScHH,BiTeI
ScHN,BiTeI
ScHO,BiTeI
ScHF,BiTeI
ScHS,BiTeI
ScHCl,BiTeI
ScHSe,BiTeI
ScHBr,BiTeI
ScHTe,BiTeI
ScHI,BiTeI
ScNH,BiTeI
ScNN,BiTeI
ScNO,BiTeI
ScNF,BiTeI
ScNS,BiTeI
ScNCl,BiTeI
ScNSe,BiTeI
ScNBr,BiTeI
ScNTe,BiTeI
ScNI,BiTeI
ScOH,BiTeI
ScON,BiTeI
ScOO,BiTeI
ScOF,BiTeI
ScOS,BiTeI
ScOCl,BiTeI
ScOSe,BiTeI
ScOBr,BiTeI
ScOTe,BiTeI
ScOI,BiTeI
ScFH,BiTeI
ScFN,BiTeI
ScFO,BiTeI
ScFF,BiTeI
ScFS,BiTeI
ScFCl,BiTeI
ScFSe,BiTeI
ScFBr,BiTeI
ScFTe,BiTeI
ScFI,BiTeI
ScSH,BiTeI
ScSN,BiTeI
ScSO,BiTeI
ScSF,BiTeI
ScSS,BiTeI
ScSCl,BiTeI
ScSSe,BiTeI
ScSBr,BiTeI
ScSTe,BiTeI
ScSI,BiTeI
ScClH,BiTeI
ScClN,BiTeI
ScClO,BiTeI
ScClF,BiTeI
ScClS,BiTeI
ScClCl,BiTeI
ScClSe,BiTeI
ScClBr,BiTeI
ScClTe,BiTeI
ScClI,BiTeI
ScSeH,BiTeI
ScSeN,BiTeI
ScSeO,BiTeI
ScSeF,BiTeI
ScSeS,BiTeI
ScSeCl,BiTeI
ScSeBr,BiTeI
ScSeI,BiTeI
ScBrH,BiTeI
ScBrN,BiTeI
ScBrO,BiTeI
ScBrF,BiTeI
ScBrS,BiTeI
ScBrCl,BiTeI
ScBrSe,BiTeI
ScBrBr,BiTeI
ScBrTe,BiTeI
ScBrI,BiTeI
ScTeH,BiTeI
ScTeN,BiTeI
ScTeO,BiTeI
ScTeF,BiTeI
ScTeS,BiTeI
ScTeCl,BiTeI
ScTeBr,BiTeI
ScTeI,BiTeI
ScIH,BiTeI
ScIN,BiTeI
ScIO,BiTeI
ScIF,BiTeI
ScIS,BiTeI
ScICl,BiTeI
ScISe,BiTeI
ScIBr,BiTeI
ScITe,BiTeI
ScII,BiTeI
TiHH,BiTeI
TiHN,BiTeI
TiHO,BiTeI
TiHF,BiTeI
TiHS,BiTeI
TiHCl,BiTeI
TiHSe,BiTeI
TiHBr,BiTeI
TiHTe,BiTeI
TiHI,BiTeI
TiNH,BiTeI
TiNN,BiTeI
TiNO,BiTeI
TiNF,BiTeI
TiNS,BiTeI
TiNCl,BiTeI
TiNSe,BiTeI
TiNBr,BiTeI
TiNTe,BiTeI
TiNI,BiTeI
TiOH,BiTeI
TiON,BiTeI
TiOO,BiTeI
TiOF,BiTeI
TiOS,BiTeI
TiOCl,BiTeI
TiOSe,BiTeI
TiOBr,BiTeI
TiOTe,BiTeI
TiOI,BiTeI
TiFH,BiTeI
TiFN,BiTeI
TiFO,BiTeI
TiFF,BiTeI
TiFS,BiTeI
TiFCl,BiTeI
TiFSe,BiTeI
TiFBr,BiTeI
TiFTe,BiTeI
TiFI,BiTeI
TiSH,BiTeI
TiSN,BiTeI
TiSO,BiTeI
TiSF,BiTeI
TiSS,BiTeI
TiSCl,BiTeI
TiSSe,BiTeI
TiSBr,BiTeI
TiSTe,BiTeI
TiSI,BiTeI
TiClH,BiTeI
TiClN,BiTeI
TiClO,BiTeI
TiClF,BiTeI
TiClS,BiTeI
TiClCl,BiTeI
TiClSe,BiTeI
TiClBr,BiTeI
TiClTe,BiTeI
TiClI,BiTeI
TiSeH,BiTeI
TiSeN,BiTeI
TiSeO,BiTeI
TiSeF,BiTeI
TiSeS,BiTeI
TiSeCl,BiTeI
TiSeSe,BiTeI
TiSeBr,BiTeI
TiSeTe,BiTeI
TiSeI,BiTeI
TiBrH,BiTeI
TiBrN,BiTeI
TiBrO,BiTeI
TiBrF,BiTeI
TiBrS,BiTeI
TiBrCl,BiTeI
TiBrSe,BiTeI
TiBrBr,BiTeI
TiBrTe,BiTeI
TiBrI,BiTeI
TiTeH,BiTeI
TiTeN,BiTeI
TiTeO,BiTeI
TiTeF,BiTeI
TiTeS,BiTeI
TiTeCl,BiTeI
TiTeSe,BiTeI
TiTeBr,BiTeI
TiTeTe,BiTeI
TiTeI,BiTeI
TiIH,BiTeI
TiIN,BiTeI
TiIO,BiTeI
TiIF,BiTeI
TiIS,BiTeI
TiICl,BiTeI
TiISe,BiTeI
TiIBr,BiTeI
TiITe,BiTeI
TiII,BiTeI
VHH,BiTeI
VHN,BiTeI
VHO,BiTeI
VHF,BiTeI
VHS,BiTeI
VHCl,BiTeI
VHSe,BiTeI
VHBr,BiTeI
VHTe,BiTeI
VHI,BiTeI
VNH,BiTeI
VNN,BiTeI
VNO,BiTeI
VNF,BiTeI
VNS,BiTeI
VNCl,BiTeI
VNSe,BiTeI
VNBr,BiTeI
VNTe,BiTeI
VNI,BiTeI
VOH,BiTeI
VON,BiTeI
VOO,BiTeI
VOF,BiTeI
VOS,BiTeI
VOCl,BiTeI
VOSe,BiTeI
VOBr,BiTeI
VOTe,BiTeI
VOI,BiTeI
VFH,BiTeI
VFN,BiTeI
VFO,BiTeI
VFF,BiTeI
VFS,BiTeI
VFCl,BiTeI
VFSe,BiTeI
VFBr,BiTeI
VFTe,BiTeI
VFI,BiTeI
VSH,BiTeI
VSN,BiTeI
VSO,BiTeI
VSF,BiTeI
VSS,BiTeI
VSCl,BiTeI
VSSe,BiTeI
VSBr,BiTeI
VSTe,BiTeI
VSI,BiTeI
VClH,BiTeI
VClN,BiTeI
VClO,BiTeI
VClF,BiTeI
VClS,BiTeI
VClCl,BiTeI
VClSe,BiTeI
VClBr,BiTeI
VClTe,BiTeI
VClI,BiTeI
VSeH,BiTeI
VSeN,BiTeI
VSeO,BiTeI
VSeF,BiTeI
VSeS,BiTeI
VSeCl,BiTeI
VSeSe,BiTeI
VSeBr,BiTeI
VSeTe,BiTeI
VSeI,BiTeI
VBrH,BiTeI
VBrN,BiTeI
VBrO,BiTeI
VBrF,BiTeI
VBrS,BiTeI
VBrCl,BiTeI
VBrSe,BiTeI
VBrBr,BiTeI
VBrTe,BiTeI
VBrI,BiTeI
VTeH,BiTeI
VTeN,BiTeI
VTeO,BiTeI
VTeF,BiTeI
VTeS,BiTeI
VTeCl,BiTeI
VTeSe,BiTeI
VTeBr,BiTeI
VTeTe,BiTeI
VTeI,BiTeI
VIH,BiTeI
VIN,BiTeI
VIO,BiTeI
VIF,BiTeI
VIS,BiTeI
VICl,BiTeI
VISe,BiTeI
VIBr,BiTeI
VITe,BiTeI
VII,BiTeI
CrHH,BiTeI
CrHN,BiTeI
CrHO,BiTeI
CrHF,BiTeI
CrHS,BiTeI
CrHCl,BiTeI
CrHSe,BiTeI
CrHBr,BiTeI
CrHTe,BiTeI
CrHI,BiTeI
CrNH,BiTeI
CrNN,BiTeI
CrNO,BiTeI
CrNF,BiTeI
CrNS,BiTeI
CrNCl,BiTeI
CrNSe,BiTeI
CrNBr,BiTeI
CrNTe,BiTeI
CrNI,BiTeI
CrOH,BiTeI
CrON,BiTeI
CrOO,BiTeI
CrOF,BiTeI
CrOS,BiTeI
CrOCl,BiTeI
CrOSe,BiTeI
CrOBr,BiTeI
CrOTe,BiTeI
CrOI,BiTeI
CrFH,BiTeI
CrFN,BiTeI
CrFO,BiTeI
CrFF,BiTeI
CrFS,BiTeI
CrFCl,BiTeI
CrFSe,BiTeI
CrFBr,BiTeI
CrFTe,BiTeI
CrFI,BiTeI
CrSH,BiTeI
CrSN,BiTeI
CrSO,BiTeI
CrSF,BiTeI
CrSS,BiTeI
CrSCl,BiTeI
CrSSe,BiTeI
CrSBr,BiTeI
CrSTe,BiTeI
CrSI,BiTeI
CrClH,BiTeI
CrClN,BiTeI
CrClO,BiTeI
CrClF,BiTeI
CrClS,BiTeI
CrClCl,BiTeI
CrClSe,BiTeI
CrClBr,BiTeI
CrClTe,BiTeI
CrClI,BiTeI
CrSeH,BiTeI
CrSeN,BiTeI
CrSeO,BiTeI
CrSeF,BiTeI
CrSeS,BiTeI
CrSeCl,BiTeI
CrSeSe,BiTeI
CrSeBr,BiTeI
CrSeTe,BiTeI
CrSeI,BiTeI
CrBrH,BiTeI
CrBrN,BiTeI
CrBrO,BiTeI
CrBrF,BiTeI
CrBrS,BiTeI
CrBrCl,BiTeI
CrBrSe,BiTeI
CrBrBr,BiTeI
CrBrTe,BiTeI
CrBrI,BiTeI
CrTeH,BiTeI
CrTeN,BiTeI
CrTeO,BiTeI
CrTeF,BiTeI
CrTeS,BiTeI
CrTeCl,BiTeI
CrTeSe,BiTeI
CrTeBr,BiTeI
CrTeTe,BiTeI
CrTeI,BiTeI
CrIH,BiTeI
CrIN,BiTeI
CrIO,BiTeI
CrIF,BiTeI
CrIS,BiTeI
CrICl,BiTeI
CrISe,BiTeI
CrIBr,BiTeI
CrITe,BiTeI
CrII,BiTeI
MnHH,BiTeI
MnHN,BiTeI
MnHO,BiTeI
MnHF,BiTeI
MnHS,BiTeI
MnHCl,BiTeI
MnHSe,BiTeI
MnHBr,BiTeI
MnHTe,BiTeI
MnHI,BiTeI
MnNH,BiTeI
MnNN,BiTeI
MnNO,BiTeI
MnNF,BiTeI
MnNS,BiTeI
MnNCl,BiTeI
MnNSe,BiTeI
MnNBr,BiTeI
MnNTe,BiTeI
MnNI,BiTeI
MnOH,BiTeI
MnON,BiTeI
MnOO,BiTeI
MnOF,BiTeI
MnOS,BiTeI
MnOCl,BiTeI
MnOSe,BiTeI
MnOBr,BiTeI
MnOTe,BiTeI
MnOI,BiTeI
MnFH,BiTeI
MnFN,BiTeI
MnFO,BiTeI
MnFF,BiTeI
MnFS,BiTeI
MnFCl,BiTeI
MnFSe,BiTeI
MnFBr,BiTeI
MnFTe,BiTeI
MnFI,BiTeI
MnSH,BiTeI
MnSN,BiTeI
MnSO,BiTeI
MnSF,BiTeI
MnSS,BiTeI
MnSCl,BiTeI
MnSSe,BiTeI
MnSBr,BiTeI
MnSTe,BiTeI
MnSI,BiTeI
MnClH,BiTeI
MnClN,BiTeI
MnClO,BiTeI
MnClF,BiTeI
MnClS,BiTeI
MnClCl,BiTeI
MnClSe,BiTeI
MnClBr,BiTeI
MnClTe,BiTeI
MnClI,BiTeI
MnSeH,BiTeI
MnSeN,BiTeI
MnSeO,BiTeI
MnSeF,BiTeI
MnSeS,BiTeI
MnSeCl,BiTeI
MnSeSe,BiTeI
MnSeBr,BiTeI
MnSeTe,BiTeI
MnSeI,BiTeI
MnBrH,BiTeI
MnBrN,BiTeI
MnBrO,BiTeI
MnBrF,BiTeI
MnBrS,BiTeI
MnBrCl,BiTeI
MnBrSe,BiTeI
MnBrBr,BiTeI
MnBrTe,BiTeI
MnBrI,BiTeI
MnTeH,BiTeI
MnTeN,BiTeI
MnTeO,BiTeI
MnTeF,BiTeI
MnTeS,BiTeI
MnTeCl,BiTeI
MnTeSe,BiTeI
MnTeBr,BiTeI
MnTeTe,BiTeI
MnTeI,BiTeI
MnIH,BiTeI
MnIN,BiTeI
MnIO,BiTeI
MnIF,BiTeI
MnIS,BiTeI
MnICl,BiTeI
MnISe,BiTeI
MnIBr,BiTeI
MnITe,BiTeI
MnII,BiTeI
FeHH,BiTeI
FeHN,BiTeI
FeHO,BiTeI
FeHF,BiTeI
FeHS,BiTeI
FeHCl,BiTeI
FeHSe,BiTeI
FeHBr,BiTeI
FeHTe,BiTeI
FeHI,BiTeI
FeNH,BiTeI
FeNN,BiTeI
FeNO,BiTeI
FeNF,BiTeI
FeNS,BiTeI
FeNCl,BiTeI
FeNSe,BiTeI
FeNBr,BiTeI
FeNTe,BiTeI
FeNI,BiTeI
FeOH,BiTeI
FeON,BiTeI
FeOO,BiTeI
FeOF,BiTeI
FeOS,BiTeI
FeOCl,BiTeI
FeOSe,BiTeI
FeOBr,BiTeI
FeOTe,BiTeI
FeOI,BiTeI
FeFH,BiTeI
FeFN,BiTeI
FeFO,BiTeI
FeFF,BiTeI
FeFS,BiTeI
FeFCl,BiTeI
FeFSe,BiTeI
FeFBr,BiTeI
FeFTe,BiTeI
FeFI,BiTeI
FeSH,BiTeI
FeSN,BiTeI
FeSO,BiTeI
FeSF,BiTeI
FeSS,BiTeI
FeSCl,BiTeI
FeSSe,BiTeI
FeSBr,BiTeI
FeSTe,BiTeI
FeSI,BiTeI
FeClH,BiTeI
FeClN,BiTeI
FeClO,BiTeI
FeClF,BiTeI
FeClS,BiTeI
FeClCl,BiTeI
FeClSe,BiTeI
FeClBr,BiTeI
FeClTe,BiTeI
FeClI,BiTeI
FeSeH,BiTeI
FeSeN,BiTeI
FeSeO,BiTeI
FeSeF,BiTeI
FeSeS,BiTeI
FeSeCl,BiTeI
FeSeSe,BiTeI
FeSeBr,BiTeI
FeSeTe,BiTeI
FeSeI,BiTeI
FeBrH,BiTeI
FeBrN,BiTeI
FeBrO,BiTeI
FeBrF,BiTeI
FeBrS,BiTeI
FeBrCl,BiTeI
FeBrSe,BiTeI
FeBrBr,BiTeI
FeBrTe,BiTeI
FeBrI,BiTeI
FeTeH,BiTeI
FeTeN,BiTeI
FeTeO,BiTeI
FeTeF,BiTeI
FeTeS,BiTeI
FeTeCl,BiTeI
FeTeSe,BiTeI
FeTeBr,BiTeI
FeTeTe,BiTeI
FeTeI,BiTeI
FeIH,BiTeI
FeIN,BiTeI
FeIO,BiTeI
FeIF,BiTeI
FeIS,BiTeI
FeICl,BiTeI
FeISe,BiTeI
FeIBr,BiTeI
FeITe,BiTeI
FeII,BiTeI
CoHH,BiTeI
CoHN,BiTeI
CoHO,BiTeI
CoHF,BiTeI
CoHS,BiTeI
CoHCl,BiTeI
CoHSe,BiTeI
CoHBr,BiTeI
CoHTe,BiTeI
CoHI,BiTeI
CoNH,BiTeI
CoNN,BiTeI
CoNO,BiTeI
CoNF,BiTeI
CoNS,BiTeI
CoNCl,BiTeI
CoNSe,BiTeI
CoNBr,BiTeI
CoNTe,BiTeI
CoNI,BiTeI
CoOH,BiTeI
CoON,BiTeI
CoOO,BiTeI
CoOF,BiTeI
CoOS,BiTeI
CoOCl,BiTeI
CoOSe,BiTeI
CoOBr,BiTeI
CoOTe,BiTeI
CoOI,BiTeI
CoFH,BiTeI
CoFN,BiTeI
CoFO,BiTeI
CoFF,BiTeI
CoFS,BiTeI
CoFCl,BiTeI
CoFSe,BiTeI
CoFBr,BiTeI
CoFTe,BiTeI
CoFI,BiTeI
CoSH,BiTeI
CoSN,BiTeI
CoSO,BiTeI
CoSF,BiTeI
CoSS,BiTeI
CoSCl,BiTeI
CoSSe,BiTeI
CoSBr,BiTeI
CoSTe,BiTeI
CoSI,BiTeI
CoClH,BiTeI
CoClN,BiTeI
CoClO,BiTeI
CoClF,BiTeI
CoClS,BiTeI
CoClCl,BiTeI
CoClSe,BiTeI
CoClBr,BiTeI
CoClTe,BiTeI
CoClI,BiTeI
CoSeH,BiTeI
CoSeN,BiTeI
CoSeO,BiTeI
CoSeF,BiTeI
CoSeS,BiTeI
CoSeCl,BiTeI
CoSeSe,BiTeI
CoSeBr,BiTeI
CoSeTe,BiTeI
CoSeI,BiTeI
CoBrH,BiTeI
CoBrN,BiTeI
CoBrO,BiTeI
CoBrF,BiTeI
CoBrS,BiTeI
CoBrCl,BiTeI
CoBrSe,BiTeI
CoBrBr,BiTeI
CoBrTe,BiTeI
CoBrI,BiTeI
CoTeH,BiTeI
CoTeN,BiTeI
CoTeO,BiTeI
CoTeF,BiTeI
CoTeS,BiTeI
CoTeCl,BiTeI
CoTeSe,BiTeI
CoTeBr,BiTeI
CoTeTe,BiTeI
CoTeI,BiTeI
CoIH,BiTeI
CoIN,BiTeI
CoIO,BiTeI
CoIF,BiTeI
CoIS,BiTeI
CoICl,BiTeI
CoISe,BiTeI
CoIBr,BiTeI
CoITe,BiTeI
CoII,BiTeI
NiHH,BiTeI
NiHN,BiTeI
NiHO,BiTeI
NiHF,BiTeI
NiHS,BiTeI
NiHCl,BiTeI
NiHSe,BiTeI
NiHBr,BiTeI
NiHTe,BiTeI
NiHI,BiTeI
NiNH,BiTeI
NiNN,BiTeI
NiNO,BiTeI
NiNF,BiTeI
NiNS,BiTeI
NiNCl,BiTeI
NiNSe,BiTeI
NiNBr,BiTeI
NiNTe,BiTeI
NiNI,BiTeI
NiOH,BiTeI
NiON,BiTeI
NiOO,BiTeI
NiOF,BiTeI
NiOS,BiTeI
NiOCl,BiTeI
NiOSe,BiTeI
NiOBr,BiTeI
NiOTe,BiTeI
NiOI,BiTeI
NiFH,BiTeI
NiFN,BiTeI
NiFO,BiTeI
NiFF,BiTeI
NiFS,BiTeI
NiFCl,BiTeI
NiFSe,BiTeI
NiFBr,BiTeI
NiFTe,BiTeI
NiFI,BiTeI
NiSH,BiTeI
NiSN,BiTeI
NiSO,BiTeI
NiSF,BiTeI
NiSS,BiTeI
NiSCl,BiTeI
NiSSe,BiTeI
NiSBr,BiTeI
NiSTe,BiTeI
NiSI,BiTeI
NiClH,BiTeI
NiClN,BiTeI
NiClO,BiTeI
NiClF,BiTeI
NiClS,BiTeI
NiClCl,BiTeI
NiClSe,BiTeI
NiClBr,BiTeI
NiClTe,BiTeI
NiClI,BiTeI
NiSeH,BiTeI
NiSeN,BiTeI
NiSeO,BiTeI
NiSeF,BiTeI
NiSeS,BiTeI
NiSeCl,BiTeI
NiSeSe,BiTeI
NiSeBr,BiTeI
NiSeTe,BiTeI
NiSeI,BiTeI
NiBrH,BiTeI
NiBrN,BiTeI
NiBrO,BiTeI
NiBrF,BiTeI
NiBrS,BiTeI
NiBrCl,BiTeI
NiBrSe,BiTeI
NiBrBr,BiTeI
NiBrTe,BiTeI
NiBrI,BiTeI
NiTeH,BiTeI
NiTeN,BiTeI
NiTeO,BiTeI
NiTeF,BiTeI
NiTeS,BiTeI
NiTeCl,BiTeI
NiTeSe,BiTeI
NiTeBr,BiTeI
NiTeTe,BiTeI
NiTeI,BiTeI
NiIH,BiTeI
NiIN,BiTeI
NiIO,BiTeI
NiIF,BiTeI
NiIS,BiTeI
NiICl,BiTeI
NiISe,BiTeI
NiIBr,BiTeI
NiITe,BiTeI
NiII,BiTeI
CuHH,BiTeI
CuHN,BiTeI
CuHO,BiTeI
CuHF,BiTeI
CuHS,BiTeI
CuHCl,BiTeI
CuHSe,BiTeI
CuHBr,BiTeI
CuHTe,BiTeI
CuHI,BiTeI
CuNH,BiTeI
CuNN,BiTeI
CuNO,BiTeI
CuNF,BiTeI
CuNS,BiTeI
CuNCl,BiTeI
CuNSe,BiTeI
CuNBr,BiTeI
CuNTe,BiTeI
CuNI,BiTeI
CuOH,BiTeI
CuON,BiTeI
CuOO,BiTeI
CuOF,BiTeI
CuOS,BiTeI
CuOCl,BiTeI
CuOSe,BiTeI
CuOBr,BiTeI
CuOTe,BiTeI
CuOI,BiTeI
CuFH,BiTeI
CuFN,BiTeI
CuFO,BiTeI
CuFF,BiTeI
CuFS,BiTeI
CuFCl,BiTeI
CuFSe,BiTeI
CuFBr,BiTeI
CuFTe,BiTeI
CuFI,BiTeI
CuSH,BiTeI
CuSN,BiTeI
CuSO,BiTeI
CuSF,BiTeI
CuSS,BiTeI
CuSCl,BiTeI
CuSSe,BiTeI
CuSBr,BiTeI
CuSTe,BiTeI
CuSI,BiTeI
CuClH,BiTeI
CuClN,BiTeI
CuClO,BiTeI
CuClF,BiTeI
CuClS,BiTeI
CuClCl,BiTeI
CuClSe,BiTeI
CuClBr,BiTeI
CuClTe,BiTeI
CuClI,BiTeI
CuSeH,BiTeI
CuSeN,BiTeI
CuSeO,BiTeI
CuSeF,BiTeI
CuSeS,BiTeI
CuSeCl,BiTeI
CuSeSe,BiTeI
CuSeBr,BiTeI
CuSeTe,BiTeI
CuSeI,BiTeI
CuBrH,BiTeI
CuBrN,BiTeI
CuBrO,BiTeI
CuBrF,BiTeI
CuBrS,BiTeI
CuBrCl,BiTeI
CuBrSe,BiTeI
CuBrBr,BiTeI
CuBrTe,BiTeI
CuBrI,BiTeI
CuTeH,BiTeI
CuTeN,BiTeI
CuTeO,BiTeI
CuTeF,BiTeI
CuTeS,BiTeI
CuTeCl,BiTeI
CuTeSe,BiTeI
CuTeBr,BiTeI
CuTeTe,BiTeI
CuTeI,BiTeI
CuIH,BiTeI
CuIN,BiTeI
CuIO,BiTeI
CuIF,BiTeI
CuIS,BiTeI
CuICl,BiTeI
CuISe,BiTeI
CuIBr,BiTeI
CuITe,BiTeI
CuII,BiTeI
ZnHH,BiTeI
ZnHN,BiTeI
ZnHO,BiTeI
ZnHF,BiTeI
ZnHS,BiTeI
ZnHCl,BiTeI
ZnHBr,BiTeI
ZnHI,BiTeI
ZnNH,BiTeI
ZnNN,BiTeI
ZnNO,BiTeI
ZnNF,BiTeI
ZnNS,BiTeI
ZnNCl,BiTeI
ZnNBr,BiTeI
ZnNI,BiTeI
ZnOH,BiTeI
ZnON,BiTeI
ZnOO,BiTeI
ZnOF,BiTeI
ZnOS,BiTeI
ZnOCl,BiTeI
ZnOBr,BiTeI
ZnOI,BiTeI
ZnFH,BiTeI
ZnFN,BiTeI
ZnFO,BiTeI
ZnFF,BiTeI
ZnFS,BiTeI
ZnFCl,BiTeI
ZnFBr,BiTeI
ZnFI,BiTeI
ZnSH,BiTeI
ZnSN,BiTeI
ZnSO,BiTeI
ZnSF,BiTeI
ZnSS,BiTeI
ZnSCl,BiTeI
ZnSBr,BiTeI
ZnSI,BiTeI
ZnClH,BiTeI
ZnClN,BiTeI
ZnClO,BiTeI
ZnClF,BiTeI
ZnClS,BiTeI
ZnClCl,BiTeI
ZnClBr,BiTeI
ZnClI,BiTeI
ZnBrH,BiTeI
ZnBrN,BiTeI
ZnBrO,BiTeI
ZnBrF,BiTeI
ZnBrS,BiTeI
ZnBrCl,BiTeI
ZnBrBr,BiTeI
ZnBrI,BiTeI
ZnIH,BiTeI
ZnIN,BiTeI
ZnIO,BiTeI
ZnIF,BiTeI
ZnIS,BiTeI
ZnICl,BiTeI
ZnIBr,BiTeI
ZnII,BiTeI
GaHH,BiTeI
GaHN,BiTeI
GaHO,BiTeI
GaHF,BiTeI
GaHS,BiTeI
GaHCl,BiTeI
GaHSe,BiTeI
GaHBr,BiTeI
GaHTe,BiTeI
GaHI,BiTeI
GaNH,BiTeI
GaNN,BiTeI
GaNO,BiTeI
GaNF,BiTeI
GaNS,BiTeI
GaNCl,BiTeI
GaNSe,BiTeI
GaNBr,BiTeI
GaNTe,BiTeI
GaNI,BiTeI
GaOH,BiTeI
GaON,BiTeI
GaOO,BiTeI
GaOF,BiTeI
GaOS,BiTeI
GaOCl,BiTeI
GaOSe,BiTeI
GaOBr,BiTeI
GaOTe,BiTeI
GaOI,BiTeI
GaFH,BiTeI
GaFN,BiTeI
GaFO,BiTeI
GaFF,BiTeI
GaFS,BiTeI
GaFCl,BiTeI
GaFSe,BiTeI
GaFBr,BiTeI
GaFTe,BiTeI
GaFI,BiTeI
GaSH,BiTeI
GaSN,BiTeI
GaSO,BiTeI
GaSF,BiTeI
GaSS,BiTeI
GaSCl,BiTeI
GaSSe,BiTeI
GaSBr,BiTeI
GaSTe,BiTeI
GaSI,BiTeI
GaClH,BiTeI
GaClN,BiTeI
GaClO,BiTeI
GaClF,BiTeI
GaClS,BiTeI
GaClCl,BiTeI
GaClSe,BiTeI
GaClBr,BiTeI
GaClTe,BiTeI
GaClI,BiTeI
GaSeH,BiTeI
GaSeN,BiTeI
GaSeO,BiTeI
GaSeF,BiTeI
GaSeS,BiTeI
GaSeCl,BiTeI
GaSeBr,BiTeI
GaSeI,BiTeI
GaBrH,BiTeI
GaBrN,BiTeI
GaBrO,BiTeI
GaBrF,BiTeI
GaBrS,BiTeI
GaBrCl,BiTeI
GaBrSe,BiTeI
GaBrBr,BiTeI
GaBrTe,BiTeI
GaBrI,BiTeI
GaTeH,BiTeI
GaTeN,BiTeI
GaTeO,BiTeI
GaTeF,BiTeI
GaTeS,BiTeI
GaTeCl,BiTeI
GaTeBr,BiTeI
GaTeI,BiTeI
GaIH,BiTeI
GaIN,BiTeI
GaIO,BiTeI
GaIF,BiTeI
GaIS,BiTeI
GaICl,BiTeI
GaISe,BiTeI
GaIBr,BiTeI
GaITe,BiTeI
GaII,BiTeI
GeHH,BiTeI
GeHN,BiTeI
GeHO,BiTeI
GeHF,BiTeI
GeHS,BiTeI
GeHCl,BiTeI
GeHSe,BiTeI
GeHBr,BiTeI
GeHTe,BiTeI
GeHI,BiTeI
GeNH,BiTeI
GeNN,BiTeI
GeNO,BiTeI
GeNF,BiTeI
GeNS,BiTeI
GeNCl,BiTeI
GeNSe,BiTeI
GeNBr,BiTeI
GeNTe,BiTeI
GeNI,BiTeI
GeOH,BiTeI
GeON,BiTeI
GeOO,BiTeI
GeOF,BiTeI
GeOS,BiTeI
GeOCl,BiTeI
GeOSe,BiTeI
GeOBr,BiTeI
GeOTe,BiTeI
GeOI,BiTeI
GeFH,BiTeI
GeFN,BiTeI
GeFO,BiTeI
GeFF,BiTeI
GeFS,BiTeI
GeFCl,BiTeI
GeFSe,BiTeI
GeFBr,BiTeI
GeFTe,BiTeI
GeFI,BiTeI
GeSH,BiTeI
GeSN,BiTeI
GeSO,BiTeI
GeSF,BiTeI
GeSS,BiTeI
GeSCl,BiTeI
GeSSe,BiTeI
GeSBr,BiTeI
GeSTe,BiTeI
GeSI,BiTeI
GeClH,BiTeI
GeClN,BiTeI
GeClO,BiTeI
GeClF,BiTeI
GeClS,BiTeI
GeClCl,BiTeI
GeClSe,BiTeI
GeClBr,BiTeI
GeClTe,BiTeI
GeClI,BiTeI
GeSeH,BiTeI
GeSeN,BiTeI
GeSeO,BiTeI
GeSeF,BiTeI
GeSeS,BiTeI
GeSeCl,BiTeI
GeSeSe,BiTeI
GeSeBr,BiTeI
GeSeTe,BiTeI
GeSeI,BiTeI
GeBrH,BiTeI
GeBrN,BiTeI
GeBrO,BiTeI
GeBrF,BiTeI
GeBrS,BiTeI
GeBrCl,BiTeI
GeBrSe,BiTeI
GeBrBr,BiTeI
GeBrTe,BiTeI
GeBrI,BiTeI
GeTeH,BiTeI
GeTeN,BiTeI
GeTeO,BiTeI
GeTeF,BiTeI
GeTeS,BiTeI
GeTeCl,BiTeI
GeTeSe,BiTeI
GeTeBr,BiTeI
GeTeTe,BiTeI
GeTeI,BiTeI
GeIH,BiTeI
GeIN,BiTeI
GeIO,BiTeI
GeIF,BiTeI
GeIS,BiTeI
GeICl,BiTeI
GeISe,BiTeI
GeIBr,BiTeI
GeITe,BiTeI
GeII,BiTeI
AsHH,BiTeI
AsHN,BiTeI
AsHO,BiTeI
AsHF,BiTeI
AsHS,BiTeI
AsHCl,BiTeI
AsHSe,BiTeI
AsHBr,BiTeI
AsHTe,BiTeI
AsHI,BiTeI
AsNH,BiTeI
AsNN,BiTeI
AsNO,BiTeI
AsNF,BiTeI
AsNS,BiTeI
AsNCl,BiTeI
AsNSe,BiTeI
AsNBr,BiTeI
AsNTe,BiTeI
AsNI,BiTeI
AsOH,BiTeI
AsON,BiTeI
AsOO,BiTeI
AsOF,BiTeI
AsOS,BiTeI
AsOCl,BiTeI
AsOSe,BiTeI
AsOBr,BiTeI
AsOTe,BiTeI
AsOI,BiTeI
AsFH,BiTeI
AsFN,BiTeI
AsFO,BiTeI
AsFF,BiTeI
AsFS,BiTeI
AsFCl,BiTeI
AsFSe,BiTeI
AsFBr,BiTeI
AsFTe,BiTeI
AsFI,BiTeI
AsSH,BiTeI
AsSN,BiTeI
AsSO,BiTeI
AsSF,BiTeI
AsSS,BiTeI
AsSCl,BiTeI
AsSSe,BiTeI
AsSBr,BiTeI
AsSTe,BiTeI
AsSI,BiTeI
AsClH,BiTeI
AsClN,BiTeI
AsClO,BiTeI
AsClF,BiTeI
AsClS,BiTeI
AsClCl,BiTeI
AsClSe,BiTeI
AsClBr,BiTeI
AsClTe,BiTeI
AsClI,BiTeI
AsSeH,BiTeI
AsSeN,BiTeI
AsSeO,BiTeI
AsSeF,BiTeI
AsSeS,BiTeI
AsSeCl,BiTeI
AsSeBr,BiTeI
AsSeI,BiTeI
AsBrH,BiTeI
AsBrN,BiTeI
AsBrO,BiTeI
AsBrF,BiTeI
AsBrS,BiTeI
AsBrCl,BiTeI
AsBrSe,BiTeI
AsBrBr,BiTeI
AsBrTe,BiTeI
AsBrI,BiTeI
AsTeH,BiTeI
AsTeN,BiTeI
AsTeO,BiTeI
AsTeF,BiTeI
AsTeS,BiTeI
AsTeCl,BiTeI
AsTeBr,BiTeI
AsTeI,BiTeI
AsIH,BiTeI
AsIN,BiTeI
AsIO,BiTeI
AsIF,BiTeI
AsIS,BiTeI
AsICl,BiTeI
AsISe,BiTeI
AsIBr,BiTeI
AsITe,BiTeI
AsII,BiTeI
SrHH,BiTeI
SrHN,BiTeI
SrHO,BiTeI
SrHF,BiTeI
SrHS,BiTeI
SrHCl,BiTeI
SrHBr,BiTeI
SrHI,BiTeI
SrNH,BiTeI
SrNN,BiTeI
SrNO,BiTeI
SrNF,BiTeI
SrNS,BiTeI
SrNCl,BiTeI
SrNBr,BiTeI
SrNI,BiTeI
SrOH,BiTeI
SrON,BiTeI
SrOO,BiTeI
SrOF,BiTeI
SrOS,BiTeI
SrOCl,BiTeI
SrOBr,BiTeI
SrOI,BiTeI
SrFH,BiTeI
SrFN,BiTeI
SrFO,BiTeI
SrFF,BiTeI
SrFS,BiTeI
SrFCl,BiTeI
SrFBr,BiTeI
SrFI,BiTeI
SrSH,BiTeI
SrSN,BiTeI
SrSO,BiTeI
SrSF,BiTeI
SrSS,BiTeI
SrSCl,BiTeI
SrSBr,BiTeI
SrSI,BiTeI
SrClH,BiTeI
SrClN,BiTeI
SrClO,BiTeI
SrClF,BiTeI
SrClS,BiTeI
SrClCl,BiTeI
SrClBr,BiTeI
SrClI,BiTeI
SrBrH,BiTeI
SrBrN,BiTeI
SrBrO,BiTeI
SrBrF,BiTeI
SrBrS,BiTeI
SrBrCl,BiTeI
SrBrBr,BiTeI
SrBrI,BiTeI
SrIH,BiTeI
SrIN,BiTeI
SrIO,BiTeI
SrIF,BiTeI
SrIS,BiTeI
SrICl,BiTeI
SrIBr,BiTeI
SrII,BiTeI
YHN,BiTeI
YHO,BiTeI
YHS,BiTeI
YHSe,BiTeI
YHTe,BiTeI
YNH,BiTeI
YNN,BiTeI
YNO,BiTeI
YNF,BiTeI
YNS,BiTeI
YNCl,BiTeI
YNSe,BiTeI
YNBr,BiTeI
YNTe,BiTeI
YNI,BiTeI
YOH,BiTeI
YON,BiTeI
YOO,BiTeI
YOF,BiTeI
YOS,BiTeI
YOCl,BiTeI
YOSe,BiTeI
YOBr,BiTeI
YOTe,BiTeI
YOI,BiTeI
YFN,BiTeI
YFO,BiTeI
YFS,BiTeI
YFSe,BiTeI
YFTe,BiTeI
YSH,BiTeI
YSN,BiTeI
YSO,BiTeI
YSF,BiTeI
YSS,BiTeI
YSCl,BiTeI
YSSe,BiTeI
YSBr,BiTeI
YSTe,BiTeI
YSI,BiTeI
YClN,BiTeI
YClO,BiTeI
YClS,BiTeI
YClSe,BiTeI
YClTe,BiTeI
YSeH,BiTeI
YSeN,BiTeI
YSeO,BiTeI
YSeF,BiTeI
YSeS,BiTeI
YSeCl,BiTeI
YSeBr,BiTeI
YSeI,BiTeI
YBrN,BiTeI
YBrO,BiTeI
YBrS,BiTeI
YBrSe,BiTeI
YBrTe,BiTeI
YTeH,BiTeI
YTeN,BiTeI
YTeO,BiTeI
YTeF,BiTeI
YTeS,BiTeI
YTeCl,BiTeI
YTeBr,BiTeI
YTeI,BiTeI
YIN,BiTeI
YIO,BiTeI
YIS,BiTeI
YISe,BiTeI
YITe,BiTeI
ZrHH,BiTeI
ZrHN,BiTeI
ZrHO,BiTeI
ZrHF,BiTeI
ZrHS,BiTeI
ZrHCl,BiTeI
ZrHSe,BiTeI
ZrHBr,BiTeI
ZrHTe,BiTeI
ZrHI,BiTeI
ZrNH,BiTeI
ZrNN,BiTeI
ZrNO,BiTeI
ZrNF,BiTeI
ZrNS,BiTeI
ZrNCl,BiTeI
ZrNSe,BiTeI
ZrNBr,BiTeI
ZrNTe,BiTeI
ZrNI,BiTeI
ZrOH,BiTeI
ZrON,BiTeI
ZrOO,BiTeI
ZrOF,BiTeI
ZrOS,BiTeI
ZrOCl,BiTeI
ZrOSe,BiTeI
ZrOBr,BiTeI
ZrOTe,BiTeI
ZrOI,BiTeI
ZrFH,BiTeI
ZrFN,BiTeI
ZrFO,BiTeI
ZrFF,BiTeI
ZrFS,BiTeI
ZrFCl,BiTeI
ZrFSe,BiTeI
ZrFBr,BiTeI
ZrFTe,BiTeI
ZrFI,BiTeI
ZrSH,BiTeI
ZrSN,BiTeI
ZrSO,BiTeI
ZrSF,BiTeI
ZrSS,BiTeI
ZrSCl,BiTeI
ZrSSe,BiTeI
ZrSBr,BiTeI
ZrSTe,BiTeI
ZrSI,BiTeI
ZrClH,BiTeI
ZrClN,BiTeI
ZrClO,BiTeI
ZrClF,BiTeI
ZrClS,BiTeI
ZrClCl,BiTeI
ZrClSe,BiTeI
ZrClBr,BiTeI
ZrClTe,BiTeI
ZrClI,BiTeI
ZrSeH,BiTeI
ZrSeN,BiTeI
ZrSeO,BiTeI
ZrSeF,BiTeI
ZrSeS,BiTeI
ZrSeCl,BiTeI
ZrSeSe,BiTeI
ZrSeBr,BiTeI
ZrSeTe,BiTeI
ZrSeI,BiTeI
ZrBrH,BiTeI
ZrBrN,BiTeI
ZrBrO,BiTeI
ZrBrF,BiTeI
ZrBrS,BiTeI
ZrBrCl,BiTeI
ZrBrSe,BiTeI
ZrBrBr,BiTeI
ZrBrTe,BiTeI
ZrBrI,BiTeI
ZrTeH,BiTeI
ZrTeN,BiTeI
ZrTeO,BiTeI
ZrTeF,BiTeI
ZrTeS,BiTeI
ZrTeCl,BiTeI
ZrTeSe,BiTeI
ZrTeBr,BiTeI
ZrTeTe,BiTeI
ZrTeI,BiTeI
ZrIH,BiTeI
ZrIN,BiTeI
ZrIO,BiTeI
ZrIF,BiTeI
ZrIS,BiTeI
ZrICl,BiTeI
ZrISe,BiTeI
ZrIBr,BiTeI
ZrITe,BiTeI
ZrII,BiTeI
NbHH,BiTeI
NbHN,BiTeI
NbHO,BiTeI
NbHF,BiTeI
NbHS,BiTeI
NbHCl,BiTeI
NbHSe,BiTeI
NbHBr,BiTeI
NbHTe,BiTeI
NbHI,BiTeI
NbNH,BiTeI
NbNN,BiTeI
NbNO,BiTeI
NbNF,BiTeI
NbNS,BiTeI
NbNCl,BiTeI
NbNSe,BiTeI
NbNBr,BiTeI
NbNTe,BiTeI
NbNI,BiTeI
NbOH,BiTeI
NbON,BiTeI
NbOO,BiTeI
NbOF,BiTeI
NbOS,BiTeI
NbOCl,BiTeI
NbOSe,BiTeI
NbOBr,BiTeI
NbOTe,BiTeI
NbOI,BiTeI
NbFH,BiTeI
NbFN,BiTeI
NbFO,BiTeI
NbFF,BiTeI
NbFS,BiTeI
NbFCl,BiTeI
NbFSe,BiTeI
NbFBr,BiTeI
NbFTe,BiTeI
NbFI,BiTeI
NbSH,BiTeI
NbSN,BiTeI
NbSO,BiTeI
NbSF,BiTeI
NbSS,BiTeI
NbSCl,BiTeI
NbSSe,BiTeI
NbSBr,BiTeI
NbSTe,BiTeI
NbSI,BiTeI
NbClH,BiTeI
NbClN,BiTeI
NbClO,BiTeI
NbClF,BiTeI
NbClS,BiTeI
NbClCl,BiTeI
NbClSe,BiTeI
NbClBr,BiTeI
NbClTe,BiTeI
NbClI,BiTeI
NbSeH,BiTeI
NbSeN,BiTeI
NbSeO,BiTeI
NbSeF,BiTeI
NbSeS,BiTeI
NbSeCl,BiTeI
NbSeSe,BiTeI
NbSeBr,BiTeI
NbSeTe,BiTeI
NbSeI,BiTeI
NbBrH,BiTeI
NbBrN,BiTeI
NbBrO,BiTeI
NbBrF,BiTeI
NbBrS,BiTeI
NbBrCl,BiTeI
NbBrSe,BiTeI
NbBrBr,BiTeI
NbBrTe,BiTeI
NbBrI,BiTeI
NbTeH,BiTeI
NbTeN,BiTeI
NbTeO,BiTeI
NbTeF,BiTeI
NbTeS,BiTeI
NbTeCl,BiTeI
NbTeSe,BiTeI
NbTeBr,BiTeI
NbTeTe,BiTeI
NbTeI,BiTeI
NbIH,BiTeI
NbIN,BiTeI
NbIO,BiTeI
NbIF,BiTeI
NbIS,BiTeI
NbICl,BiTeI
NbISe,BiTeI
NbIBr,BiTeI
NbITe,BiTeI
NbII,BiTeI
MoHH,BiTeI
MoHN,BiTeI
MoHO,BiTeI
MoHF,BiTeI
MoHS,BiTeI
MoHCl,BiTeI
MoHSe,BiTeI
MoHBr,BiTeI
MoHTe,BiTeI
MoHI,BiTeI
MoNH,BiTeI
MoNN,BiTeI
MoNO,BiTeI
MoNF,BiTeI
MoNS,BiTeI
MoNCl,BiTeI
MoNSe,BiTeI
MoNBr,BiTeI
MoNTe,BiTeI
MoNI,BiTeI
MoOH,BiTeI
MoON,BiTeI
MoOO,BiTeI
MoOF,BiTeI
MoOS,BiTeI
MoOCl,BiTeI
MoOSe,BiTeI
MoOBr,BiTeI
MoOTe,BiTeI
MoOI,BiTeI
MoFH,BiTeI
MoFN,BiTeI
MoFO,BiTeI
MoFF,BiTeI
MoFS,BiTeI
MoFCl,BiTeI
MoFSe,BiTeI
MoFBr,BiTeI
MoFTe,BiTeI
MoFI,BiTeI
MoSH,BiTeI
MoSN,BiTeI
MoSO,BiTeI
MoSF,BiTeI
MoSS,BiTeI
MoSCl,BiTeI
MoSSe,BiTeI
MoSBr,BiTeI
MoSTe,BiTeI
MoSI,BiTeI
MoClH,BiTeI
MoClN,BiTeI
MoClO,BiTeI
MoClF,BiTeI
MoClS,BiTeI
MoClCl,BiTeI
MoClSe,BiTeI
MoClBr,BiTeI
MoClTe,BiTeI
MoClI,BiTeI
MoSeH,BiTeI
MoSeN,BiTeI
MoSeO,BiTeI
MoSeF,BiTeI
MoSeS,BiTeI
MoSeCl,BiTeI
MoSeSe,BiTeI
MoSeBr,BiTeI
MoSeTe,BiTeI
MoSeI,BiTeI
MoBrH,BiTeI
MoBrN,BiTeI
MoBrO,BiTeI
MoBrF,BiTeI
MoBrS,BiTeI
MoBrCl,BiTeI
MoBrSe,BiTeI
MoBrBr,BiTeI
MoBrTe,BiTeI
MoBrI,BiTeI
MoTeH,BiTeI
MoTeN,BiTeI
MoTeO,BiTeI
MoTeF,BiTeI
MoTeS,BiTeI
MoTeCl,BiTeI
MoTeSe,BiTeI
MoTeBr,BiTeI
MoTeTe,BiTeI
MoTeI,BiTeI
MoIH,BiTeI
MoIN,BiTeI
MoIO,BiTeI
MoIF,BiTeI
MoIS,BiTeI
MoICl,BiTeI
MoISe,BiTeI
MoIBr,BiTeI
MoITe,BiTeI
MoII,BiTeI
RuHH,BiTeI
RuHN,BiTeI
RuHO,BiTeI
RuHF,BiTeI
RuHS,BiTeI
RuHCl,BiTeI
RuHSe,BiTeI
RuHBr,BiTeI
RuHTe,BiTeI
RuHI,BiTeI
RuNH,BiTeI
RuNN,BiTeI
RuNO,BiTeI
RuNF,BiTeI
RuNS,BiTeI
RuNCl,BiTeI
RuNSe,BiTeI
RuNBr,BiTeI
RuNTe,BiTeI
RuNI,BiTeI
RuOH,BiTeI
RuON,BiTeI
RuOO,BiTeI
RuOF,BiTeI
RuOS,BiTeI
RuOCl,BiTeI
RuOSe,BiTeI
RuOBr,BiTeI
RuOTe,BiTeI
RuOI,BiTeI
RuFH,BiTeI
RuFN,BiTeI
RuFO,BiTeI
RuFF,BiTeI
RuFS,BiTeI
RuFCl,BiTeI
RuFSe,BiTeI
RuFBr,BiTeI
RuFTe,BiTeI
RuFI,BiTeI
RuSH,BiTeI
RuSN,BiTeI
RuSO,BiTeI
RuSF,BiTeI
RuSS,BiTeI
RuSCl,BiTeI
RuSSe,BiTeI
RuSBr,BiTeI
RuSTe,BiTeI
RuSI,BiTeI
RuClH,BiTeI
RuClN,BiTeI
RuClO,BiTeI
RuClF,BiTeI
RuClS,BiTeI
RuClCl,BiTeI
RuClSe,BiTeI
RuClBr,BiTeI
RuClTe,BiTeI
RuClI,BiTeI
RuSeH,BiTeI
RuSeN,BiTeI
RuSeO,BiTeI
RuSeF,BiTeI
RuSeS,BiTeI
RuSeCl,BiTeI
RuSeSe,BiTeI
RuSeBr,BiTeI
RuSeTe,BiTeI
RuSeI,BiTeI
RuBrH,BiTeI
RuBrN,BiTeI
RuBrO,BiTeI
RuBrF,BiTeI
RuBrS,BiTeI
RuBrCl,BiTeI
RuBrSe,BiTeI
RuBrBr,BiTeI
RuBrTe,BiTeI
RuBrI,BiTeI
RuTeH,BiTeI
RuTeN,BiTeI
RuTeO,BiTeI
RuTeF,BiTeI
RuTeS,BiTeI
RuTeCl,BiTeI
RuTeSe,BiTeI
RuTeBr,BiTeI
RuTeTe,BiTeI
RuTeI,BiTeI
RuIH,BiTeI
RuIN,BiTeI
RuIO,BiTeI
RuIF,BiTeI
RuIS,BiTeI
RuICl,BiTeI
RuISe,BiTeI
RuIBr,BiTeI
RuITe,BiTeI
RuII,BiTeI
RhHH,BiTeI
RhHN,BiTeI
RhHO,BiTeI
RhHF,BiTeI
RhHS,BiTeI
RhHCl,BiTeI
RhHSe,BiTeI
RhHBr,BiTeI
RhHTe,BiTeI
RhHI,BiTeI
RhNH,BiTeI
RhNN,BiTeI
RhNO,BiTeI
RhNF,BiTeI
RhNS,BiTeI
RhNCl,BiTeI
RhNSe,BiTeI
RhNBr,BiTeI
RhNTe,BiTeI
RhNI,BiTeI
RhOH,BiTeI
RhON,BiTeI
RhOO,BiTeI
RhOF,BiTeI
RhOS,BiTeI
RhOCl,BiTeI
RhOSe,BiTeI
RhOBr,BiTeI
RhOTe,BiTeI
RhOI,BiTeI
RhFH,BiTeI
RhFN,BiTeI
RhFO,BiTeI
RhFF,BiTeI
RhFS,BiTeI
RhFCl,BiTeI
RhFSe,BiTeI
RhFBr,BiTeI
RhFTe,BiTeI
RhFI,BiTeI
RhSH,BiTeI
RhSN,BiTeI
RhSO,BiTeI
RhSF,BiTeI
RhSS,BiTeI
RhSCl,BiTeI
RhSSe,BiTeI
RhSBr,BiTeI
RhSTe,BiTeI
RhSI,BiTeI
RhClH,BiTeI
RhClN,BiTeI
RhClO,BiTeI
RhClF,BiTeI
RhClS,BiTeI
RhClCl,BiTeI
RhClSe,BiTeI
RhClBr,BiTeI
RhClTe,BiTeI
RhClI,BiTeI
RhSeH,BiTeI
RhSeN,BiTeI
RhSeO,BiTeI
RhSeF,BiTeI
RhSeS,BiTeI
RhSeCl,BiTeI
RhSeSe,BiTeI
RhSeBr,BiTeI
RhSeTe,BiTeI
RhSeI,BiTeI
RhBrH,BiTeI
RhBrN,BiTeI
RhBrO,BiTeI
RhBrF,BiTeI
RhBrS,BiTeI
RhBrCl,BiTeI
RhBrSe,BiTeI
RhBrBr,BiTeI
RhBrTe,BiTeI
RhBrI,BiTeI
RhTeH,BiTeI
RhTeN,BiTeI
RhTeO,BiTeI
RhTeF,BiTeI
RhTeS,BiTeI
RhTeCl,BiTeI
RhTeSe,BiTeI
RhTeBr,BiTeI
RhTeTe,BiTeI
RhTeI,BiTeI
RhIH,BiTeI
RhIN,BiTeI
RhIO,BiTeI
RhIF,BiTeI
RhIS,BiTeI
RhICl,BiTeI
RhISe,BiTeI
RhIBr,BiTeI
RhITe,BiTeI
RhII,BiTeI
PdHH,BiTeI
PdHN,BiTeI
PdHO,BiTeI
PdHF,BiTeI
PdHS,BiTeI
PdHCl,BiTeI
PdHBr,BiTeI
PdHI,BiTeI
PdNH,BiTeI
PdNN,BiTeI
PdNO,BiTeI
PdNF,BiTeI
PdNS,BiTeI
PdNCl,BiTeI
PdNSe,BiTeI
PdNBr,BiTeI
PdNTe,BiTeI
PdNI,BiTeI
PdOH,BiTeI
PdON,BiTeI
PdOO,BiTeI
PdOF,BiTeI
PdOS,BiTeI
PdOCl,BiTeI
PdOSe,BiTeI
PdOBr,BiTeI
PdOTe,BiTeI
PdOI,BiTeI
PdFH,BiTeI
PdFN,BiTeI
PdFO,BiTeI
PdFF,BiTeI
PdFS,BiTeI
PdFCl,BiTeI
PdFBr,BiTeI
PdFI,BiTeI
PdSH,BiTeI
PdSN,BiTeI
PdSO,BiTeI
PdSF,BiTeI
PdSS,BiTeI
PdSCl,BiTeI
PdSSe,BiTeI
PdSBr,BiTeI
PdSTe,BiTeI
PdSI,BiTeI
PdClH,BiTeI
PdClN,BiTeI
PdClO,BiTeI
PdClF,BiTeI
PdClS,BiTeI
PdClCl,BiTeI
PdClBr,BiTeI
PdClI,BiTeI
PdSeN,BiTeI
PdSeO,BiTeI
PdSeS,BiTeI
PdSeSe,BiTeI
PdSeTe,BiTeI
PdBrH,BiTeI
PdBrN,BiTeI
PdBrO,BiTeI
PdBrF,BiTeI
PdBrS,BiTeI
PdBrCl,BiTeI
PdBrBr,BiTeI
PdBrI,BiTeI
PdTeN,BiTeI
PdTeO,BiTeI
PdTeS,BiTeI
PdTeSe,BiTeI
PdTeTe,BiTeI
PdIH,BiTeI
PdIN,BiTeI
PdIO,BiTeI
PdIF,BiTeI
PdIS,BiTeI
PdICl,BiTeI
PdIBr,BiTeI
PdII,BiTeI
AgHH,BiTeI
AgHN,BiTeI
AgHO,BiTeI
AgHF,BiTeI
AgHS,BiTeI
AgHCl,BiTeI
AgHSe,BiTeI
AgHBr,BiTeI
AgHTe,BiTeI
AgHI,BiTeI
AgNH,BiTeI
AgNN,BiTeI
AgNO,BiTeI
AgNF,BiTeI
AgNS,BiTeI
AgNCl,BiTeI
AgNSe,BiTeI
AgNBr,BiTeI
AgNTe,BiTeI
AgNI,BiTeI
AgOH,BiTeI
AgON,BiTeI
AgOO,BiTeI
AgOF,BiTeI
AgOS,BiTeI
AgOCl,BiTeI
AgOSe,BiTeI
AgOBr,BiTeI
AgOTe,BiTeI
AgOI,BiTeI
AgFH,BiTeI
AgFN,BiTeI
AgFO,BiTeI
AgFF,BiTeI
AgFS,BiTeI
AgFCl,BiTeI
AgFSe,BiTeI
AgFBr,BiTeI
AgFTe,BiTeI
AgFI,BiTeI
AgSH,BiTeI
AgSN,BiTeI
AgSO,BiTeI
AgSF,BiTeI
AgSS,BiTeI
AgSCl,BiTeI
AgSSe,BiTeI
AgSBr,BiTeI
AgSTe,BiTeI
AgSI,BiTeI
AgClH,BiTeI
AgClN,BiTeI
AgClO,BiTeI
AgClF,BiTeI
AgClS,BiTeI
AgClCl,BiTeI
AgClSe,BiTeI
AgClBr,BiTeI
AgClTe,BiTeI
AgClI,BiTeI
AgSeH,BiTeI
AgSeN,BiTeI
AgSeO,BiTeI
AgSeF,BiTeI
AgSeS,BiTeI
AgSeCl,BiTeI
AgSeBr,BiTeI
AgSeI,BiTeI
AgBrH,BiTeI
AgBrN,BiTeI
AgBrO,BiTeI
AgBrF,BiTeI
AgBrS,BiTeI
AgBrCl,BiTeI
AgBrSe,BiTeI
AgBrBr,BiTeI
AgBrTe,BiTeI
AgBrI,BiTeI
AgTeH,BiTeI
AgTeN,BiTeI
AgTeO,BiTeI
AgTeF,BiTeI
AgTeS,BiTeI
AgTeCl,BiTeI
AgTeBr,BiTeI
AgTeI,BiTeI
AgIH,BiTeI
AgIN,BiTeI
AgIO,BiTeI
AgIF,BiTeI
AgIS,BiTeI
AgICl,BiTeI
AgISe,BiTeI
AgIBr,BiTeI
AgITe,BiTeI
AgII,BiTeI
CdHH,BiTeI
CdHN,BiTeI
CdHO,BiTeI
CdHF,BiTeI
CdHS,BiTeI
CdHCl,BiTeI
CdHBr,BiTeI
CdHI,BiTeI
CdNH,BiTeI
CdNN,BiTeI
CdNO,BiTeI
CdNF,BiTeI
CdNS,BiTeI
CdNCl,BiTeI
CdNBr,BiTeI
CdNI,BiTeI
CdOH,BiTeI
CdON,BiTeI
CdOO,BiTeI
CdOF,BiTeI
CdOS,BiTeI
CdOCl,BiTeI
CdOBr,BiTeI
CdOI,BiTeI
CdFH,BiTeI
CdFN,BiTeI
CdFO,BiTeI
CdFF,BiTeI
CdFS,BiTeI
CdFCl,BiTeI
CdFBr,BiTeI
CdFI,BiTeI
CdSH,BiTeI
CdSN,BiTeI
CdSO,BiTeI
CdSF,BiTeI
CdSS,BiTeI
CdSCl,BiTeI
CdSBr,BiTeI
CdSI,BiTeI
CdClH,BiTeI
CdClN,BiTeI
CdClO,BiTeI
CdClF,BiTeI
CdClS,BiTeI
CdClCl,BiTeI
CdClBr,BiTeI
CdClI,BiTeI
CdBrH,BiTeI
CdBrN,BiTeI
CdBrO,BiTeI
CdBrF,BiTeI
CdBrS,BiTeI
CdBrCl,BiTeI
CdBrBr,BiTeI
CdBrI,BiTeI
CdIH,BiTeI
CdIN,BiTeI
CdIO,BiTeI
CdIF,BiTeI
CdIS,BiTeI
CdICl,BiTeI
CdIBr,BiTeI
CdII,BiTeI
InHH,BiTeI
InHN,BiTeI
InHO,BiTeI
InHF,BiTeI
InHS,BiTeI
InHCl,BiTeI
InHSe,BiTeI
InHBr,BiTeI
InHTe,BiTeI
InHI,BiTeI
InNH,BiTeI
InNN,BiTeI
InNO,BiTeI
InNF,BiTeI
InNS,BiTeI
InNCl,BiTeI
InNSe,BiTeI
InNBr,BiTeI
InNTe,BiTeI
InNI,BiTeI
InOH,BiTeI
InON,BiTeI
InOO,BiTeI
InOF,BiTeI
InOS,BiTeI
InOCl,BiTeI
InOSe,BiTeI
InOBr,BiTeI
InOTe,BiTeI
InOI,BiTeI
InFH,BiTeI
InFN,BiTeI
InFO,BiTeI
InFF,BiTeI
InFS,BiTeI
InFCl,BiTeI
InFSe,BiTeI
InFBr,BiTeI
InFTe,BiTeI
InFI,BiTeI
InSH,BiTeI
InSN,BiTeI
InSO,BiTeI
InSF,BiTeI
InSS,BiTeI
InSCl,BiTeI
InSSe,BiTeI
InSBr,BiTeI
InSTe,BiTeI
InSI,BiTeI
InClH,BiTeI
InClN,BiTeI
InClO,BiTeI
InClF,BiTeI
InClS,BiTeI
InClCl,BiTeI
InClSe,BiTeI
InClBr,BiTeI
InClTe,BiTeI
InClI,BiTeI
InSeH,BiTeI
InSeN,BiTeI
InSeO,BiTeI
InSeF,BiTeI
InSeS,BiTeI
InSeCl,BiTeI
InSeBr,BiTeI
InSeI,BiTeI
InBrH,BiTeI
InBrN,BiTeI
InBrO,BiTeI
InBrF,BiTeI
InBrS,BiTeI
InBrCl,BiTeI
InBrSe,BiTeI
InBrBr,BiTeI
InBrTe,BiTeI
InBrI,BiTeI
InTeH,BiTeI
InTeN,BiTeI
InTeO,BiTeI
InTeF,BiTeI
InTeS,BiTeI
InTeCl,BiTeI
InTeBr,BiTeI
InTeI,BiTeI
InIH,BiTeI
InIN,BiTeI
InIO,BiTeI
InIF,BiTeI
InIS,BiTeI
InICl,BiTeI
InISe,BiTeI
InIBr,BiTeI
InITe,BiTeI
InII,BiTeI
SnHH,BiTeI
SnHN,BiTeI
SnHO,BiTeI
SnHF,BiTeI
SnHS,BiTeI
SnHCl,BiTeI
SnHBr,BiTeI
SnHI,BiTeI
SnNH,BiTeI
SnNN,BiTeI
SnNO,BiTeI
SnNF,BiTeI
SnNS,BiTeI
SnNCl,BiTeI
SnNSe,BiTeI
SnNBr,BiTeI
SnNTe,BiTeI
SnNI,BiTeI
SnOH,BiTeI
SnON,BiTeI
SnOO,BiTeI
SnOF,BiTeI
SnOS,BiTeI
SnOCl,BiTeI
SnOSe,BiTeI
SnOBr,BiTeI
SnOTe,BiTeI
SnOI,BiTeI
SnFH,BiTeI
SnFN,BiTeI
SnFO,BiTeI
SnFF,BiTeI
SnFS,BiTeI
SnFCl,BiTeI
SnFBr,BiTeI
SnFI,BiTeI
SnSH,BiTeI
SnSN,BiTeI
SnSO,BiTeI
SnSF,BiTeI
SnSS,BiTeI
SnSCl,BiTeI
SnSSe,BiTeI
SnSBr,BiTeI
SnSTe,BiTeI
SnSI,BiTeI
SnClH,BiTeI
SnClN,BiTeI
SnClO,BiTeI
SnClF,BiTeI
SnClS,BiTeI
SnClCl,BiTeI
SnClBr,BiTeI
SnClI,BiTeI
SnSeN,BiTeI
SnSeO,BiTeI
SnSeS,BiTeI
SnSeSe,BiTeI
SnSeTe,BiTeI
SnBrH,BiTeI
SnBrN,BiTeI
SnBrO,BiTeI
SnBrF,BiTeI
SnBrS,BiTeI
SnBrCl,BiTeI
SnBrBr,BiTeI
SnBrI,BiTeI
SnTeN,BiTeI
SnTeO,BiTeI
SnTeS,BiTeI
SnTeSe,BiTeI
SnTeTe,BiTeI
SnIH,BiTeI
SnIN,BiTeI
SnIO,BiTeI
SnIF,BiTeI
SnIS,BiTeI
SnICl,BiTeI
SnIBr,BiTeI
SnII,BiTeI
SbHN,BiTeI
SbHO,BiTeI
SbHS,BiTeI
SbHSe,BiTeI
SbHTe,BiTeI
SbNH,BiTeI
SbNN,BiTeI
SbNO,BiTeI
SbNF,BiTeI
SbNS,BiTeI
SbNCl,BiTeI
SbNSe,BiTeI
SbNBr,BiTeI
SbNTe,BiTeI
SbNI,BiTeI
SbOH,BiTeI
SbON,BiTeI
SbOO,BiTeI
SbOF,BiTeI
SbOS,BiTeI
SbOCl,BiTeI
SbOSe,BiTeI
SbOBr,BiTeI
SbOTe,BiTeI
SbOI,BiTeI
SbFN,BiTeI
SbFO,BiTeI
SbFS,BiTeI
SbFSe,BiTeI
SbFTe,BiTeI
SbSH,BiTeI
SbSN,BiTeI
SbSO,BiTeI
SbSF,BiTeI
SbSS,BiTeI
SbSCl,BiTeI
SbSSe,BiTeI
SbSBr,BiTeI
SbSTe,BiTeI
SbSI,BiTeI
SbClN,BiTeI
SbClO,BiTeI
SbClS,BiTeI
SbClSe,BiTeI
SbClTe,BiTeI
SbSeH,BiTeI
SbSeN,BiTeI
SbSeO,BiTeI
SbSeF,BiTeI
SbSeS,BiTeI
SbSeCl,BiTeI
SbSeBr,BiTeI
SbSeI,BiTeI
SbBrN,BiTeI
SbBrO,BiTeI
SbBrS,BiTeI
SbBrSe,BiTeI
SbBrTe,BiTeI
SbTeH,BiTeI
SbTeN,BiTeI
SbTeO,BiTeI
SbTeF,BiTeI
SbTeS,BiTeI
SbTeCl,BiTeI
SbTeBr,BiTeI
SbTeI,BiTeI
SbIN,BiTeI
SbIO,BiTeI
SbIS,BiTeI
SbISe,BiTeI
SbITe,BiTeI
BaHH,BiTeI
BaHN,BiTeI
BaHO,BiTeI
BaHF,BiTeI
BaHS,BiTeI
BaHCl,BiTeI
BaHBr,BiTeI
BaHI,BiTeI
BaNH,BiTeI
BaNN,BiTeI
BaNO,BiTeI
BaNF,BiTeI
BaNS,BiTeI
BaNCl,BiTeI
BaNBr,BiTeI
BaNI,BiTeI
BaOH,BiTeI
BaON,BiTeI
BaOO,BiTeI
BaOF,BiTeI
BaOS,BiTeI
BaOCl,BiTeI
BaOBr,BiTeI
BaOI,BiTeI
BaFH,BiTeI
BaFN,BiTeI
BaFO,BiTeI
BaFF,BiTeI
BaFS,BiTeI
BaFCl,BiTeI
BaFBr,BiTeI
BaFI,BiTeI
BaSH,BiTeI
BaSN,BiTeI
BaSO,BiTeI
BaSF,BiTeI
BaSS,BiTeI
BaSCl,BiTeI
BaSBr,BiTeI
BaSI,BiTeI
BaClH,BiTeI
BaClN,BiTeI
BaClO,BiTeI
BaClF,BiTeI
BaClS,BiTeI
BaClCl,BiTeI
BaClBr,BiTeI
BaClI,BiTeI
BaBrH,BiTeI
BaBrN,BiTeI
BaBrO,BiTeI
BaBrF,BiTeI
BaBrS,BiTeI
BaBrCl,BiTeI
BaBrBr,BiTeI
BaBrI,BiTeI
BaIH,BiTeI
BaIN,BiTeI
BaIO,BiTeI
BaIF,BiTeI
BaIS,BiTeI
BaICl,BiTeI
BaIBr,BiTeI
BaII,BiTeI
HfHH,BiTeI
HfHN,BiTeI
HfHO,BiTeI
HfHF,BiTeI
HfHS,BiTeI
HfHCl,BiTeI
HfHSe,BiTeI
HfHBr,BiTeI
HfHTe,BiTeI
HfHI,BiTeI
HfNH,BiTeI
HfNN,BiTeI
HfNO,BiTeI
HfNF,BiTeI
HfNS,BiTeI
HfNCl,BiTeI
HfNSe,BiTeI
HfNBr,BiTeI
HfNTe,BiTeI
HfNI,BiTeI
HfOH,BiTeI
HfON,BiTeI
HfOO,BiTeI
HfOF,BiTeI
HfOS,BiTeI
HfOCl,BiTeI
HfOSe,BiTeI
HfOBr,BiTeI
HfOTe,BiTeI
HfOI,BiTeI
HfFH,BiTeI
HfFN,BiTeI
HfFO,BiTeI
HfFF,BiTeI
HfFS,BiTeI
HfFCl,BiTeI
HfFSe,BiTeI
HfFBr,BiTeI
HfFTe,BiTeI
HfFI,BiTeI
HfSH,BiTeI
HfSN,BiTeI
HfSO,BiTeI
HfSF,BiTeI
HfSS,BiTeI
HfSCl,BiTeI
HfSSe,BiTeI
HfSBr,BiTeI
HfSTe,BiTeI
HfSI,BiTeI
HfClH,BiTeI
HfClN,BiTeI
HfClO,BiTeI
HfClF,BiTeI
HfClS,BiTeI
HfClCl,BiTeI
HfClSe,BiTeI
HfClBr,BiTeI
HfClTe,BiTeI
HfClI,BiTeI
HfSeH,BiTeI
HfSeN,BiTeI
HfSeO,BiTeI
HfSeF,BiTeI
HfSeS,BiTeI
HfSeCl,BiTeI
HfSeSe,BiTeI
HfSeBr,BiTeI
HfSeTe,BiTeI
HfSeI,BiTeI
HfBrH,BiTeI
HfBrN,BiTeI
HfBrO,BiTeI
HfBrF,BiTeI
HfBrS,BiTeI
HfBrCl,BiTeI
HfBrSe,BiTeI
HfBrBr,BiTeI
HfBrTe,BiTeI
HfBrI,BiTeI
HfTeH,BiTeI
HfTeN,BiTeI
HfTeO,BiTeI
HfTeF,BiTeI
HfTeS,BiTeI
HfTeCl,BiTeI
HfTeSe,BiTeI
HfTeBr,BiTeI
HfTeTe,BiTeI
HfTeI,BiTeI
HfIH,BiTeI
HfIN,BiTeI
HfIO,BiTeI
HfIF,BiTeI
HfIS,BiTeI
HfICl,BiTeI
HfISe,BiTeI
HfIBr,BiTeI
HfITe,BiTeI
HfII,BiTeI
TaHH,BiTeI
TaHN,BiTeI
TaHO,BiTeI
TaHF,BiTeI
TaHS,BiTeI
TaHCl,BiTeI
TaHSe,BiTeI
TaHBr,BiTeI
TaHTe,BiTeI
TaHI,BiTeI
TaNH,BiTeI
TaNN,BiTeI
TaNO,BiTeI
TaNF,BiTeI
TaNS,BiTeI
TaNCl,BiTeI
TaNSe,BiTeI
TaNBr,BiTeI
TaNTe,BiTeI
TaNI,BiTeI
TaOH,BiTeI
TaON,BiTeI
TaOO,BiTeI
TaOF,BiTeI
TaOS,BiTeI
TaOCl,BiTeI
TaOSe,BiTeI
TaOBr,BiTeI
TaOTe,BiTeI
TaOI,BiTeI
TaFH,BiTeI
TaFN,BiTeI
TaFO,BiTeI
TaFF,BiTeI
TaFS,BiTeI
TaFCl,BiTeI
TaFSe,BiTeI
TaFBr,BiTeI
TaFTe,BiTeI
TaFI,BiTeI
TaSH,BiTeI
TaSN,BiTeI
TaSO,BiTeI
TaSF,BiTeI
TaSS,BiTeI
TaSCl,BiTeI
TaSSe,BiTeI
TaSBr,BiTeI
TaSTe,BiTeI
TaSI,BiTeI
TaClH,BiTeI
TaClN,BiTeI
TaClO,BiTeI
TaClF,BiTeI
TaClS,BiTeI
TaClCl,BiTeI
TaClSe,BiTeI
TaClBr,BiTeI
TaClTe,BiTeI
TaClI,BiTeI
TaSeH,BiTeI
TaSeN,BiTeI
TaSeO,BiTeI
TaSeF,BiTeI
TaSeS,BiTeI
TaSeCl,BiTeI
TaSeSe,BiTeI
TaSeBr,BiTeI
TaSeTe,BiTeI
TaSeI,BiTeI
TaBrH,BiTeI
TaBrN,BiTeI
TaBrO,BiTeI
TaBrF,BiTeI
TaBrS,BiTeI
TaBrCl,BiTeI
TaBrSe,BiTeI
TaBrBr,BiTeI
TaBrTe,BiTeI
TaBrI,BiTeI
TaTeH,BiTeI
TaTeN,BiTeI
TaTeO,BiTeI
TaTeF,BiTeI
TaTeS,BiTeI
TaTeCl,BiTeI
TaTeSe,BiTeI
TaTeBr,BiTeI
TaTeTe,BiTeI
TaTeI,BiTeI
TaIH,BiTeI
TaIN,BiTeI
TaIO,BiTeI
TaIF,BiTeI
TaIS,BiTeI
TaICl,BiTeI
TaISe,BiTeI
TaIBr,BiTeI
TaITe,BiTeI
TaII,BiTeI
WHH,BiTeI
WHN,BiTeI
WHO,BiTeI
WHF,BiTeI
WHS,BiTeI
WHCl,BiTeI
WHSe,BiTeI
WHBr,BiTeI
WHTe,BiTeI
WHI,BiTeI
WNH,BiTeI
WNN,BiTeI
WNO,BiTeI
WNF,BiTeI
WNS,BiTeI
WNCl,BiTeI
WNSe,BiTeI
WNBr,BiTeI
WNTe,BiTeI
WNI,BiTeI
WOH,BiTeI
WON,BiTeI
WOO,BiTeI
WOF,BiTeI
WOS,BiTeI
WOCl,BiTeI
WOSe,BiTeI
WOBr,BiTeI
WOTe,BiTeI
WOI,BiTeI
WFH,BiTeI
WFN,BiTeI
WFO,BiTeI
WFF,BiTeI
WFS,BiTeI
WFCl,BiTeI
WFSe,BiTeI
WFBr,BiTeI
WFTe,BiTeI
WFI,BiTeI
WSH,BiTeI
WSN,BiTeI
WSO,BiTeI
WSF,BiTeI
WSS,BiTeI
WSCl,BiTeI
WSSe,BiTeI
WSBr,BiTeI
WSTe,BiTeI
WSI,BiTeI
WClH,BiTeI
WClN,BiTeI
WClO,BiTeI
WClF,BiTeI
WClS,BiTeI
WClCl,BiTeI
WClSe,BiTeI
WClBr,BiTeI
WClTe,BiTeI
WClI,BiTeI
WSeH,BiTeI
WSeN,BiTeI
WSeO,BiTeI
WSeF,BiTeI
WSeS,BiTeI
WSeCl,BiTeI
WSeSe,BiTeI
WSeBr,BiTeI
WSeTe,BiTeI
WSeI,BiTeI
WBrH,BiTeI
WBrN,BiTeI
WBrO,BiTeI
WBrF,BiTeI
WBrS,BiTeI
WBrCl,BiTeI
WBrSe,BiTeI
WBrBr,BiTeI
WBrTe,BiTeI
WBrI,BiTeI
WTeH,BiTeI
WTeN,BiTeI
WTeO,BiTeI
WTeF,BiTeI
WTeS,BiTeI
WTeCl,BiTeI
WTeSe,BiTeI
WTeBr,BiTeI
WTeTe,BiTeI
WTeI,BiTeI
WIH,BiTeI
WIN,BiTeI
WIO,BiTeI
WIF,BiTeI
WIS,BiTeI
WICl,BiTeI
WISe,BiTeI
WIBr,BiTeI
WITe,BiTeI
WII,BiTeI
ReHH,BiTeI
ReHN,BiTeI
ReHO,BiTeI
ReHF,BiTeI
ReHS,BiTeI
ReHCl,BiTeI
ReHSe,BiTeI
ReHBr,BiTeI
ReHTe,BiTeI
ReHI,BiTeI
ReNH,BiTeI
ReNN,BiTeI
ReNO,BiTeI
ReNF,BiTeI
ReNS,BiTeI
ReNCl,BiTeI
ReNSe,BiTeI
ReNBr,BiTeI
ReNTe,BiTeI
ReNI,BiTeI
ReOH,BiTeI
ReON,BiTeI
ReOO,BiTeI
ReOF,BiTeI
ReOS,BiTeI
ReOCl,BiTeI
ReOSe,BiTeI
ReOBr,BiTeI
ReOTe,BiTeI
ReOI,BiTeI
ReFH,BiTeI
ReFN,BiTeI
ReFO,BiTeI
ReFF,BiTeI
ReFS,BiTeI
ReFCl,BiTeI
ReFSe,BiTeI
ReFBr,BiTeI
ReFTe,BiTeI
ReFI,BiTeI
ReSH,BiTeI
ReSN,BiTeI
ReSO,BiTeI
ReSF,BiTeI
ReSS,BiTeI
ReSCl,BiTeI
ReSSe,BiTeI
ReSBr,BiTeI
ReSTe,BiTeI
ReSI,BiTeI
ReClH,BiTeI
ReClN,BiTeI
ReClO,BiTeI
ReClF,BiTeI
ReClS,BiTeI
ReClCl,BiTeI
ReClSe,BiTeI
ReClBr,BiTeI
ReClTe,BiTeI
ReClI,BiTeI
ReSeH,BiTeI
ReSeN,BiTeI
ReSeO,BiTeI
ReSeF,BiTeI
ReSeS,BiTeI
ReSeCl,BiTeI
ReSeSe,BiTeI
ReSeBr,BiTeI
ReSeTe,BiTeI
ReSeI,BiTeI
ReBrH,BiTeI
ReBrN,BiTeI
ReBrO,BiTeI
ReBrF,BiTeI
ReBrS,BiTeI
ReBrCl,BiTeI
ReBrSe,BiTeI
ReBrBr,BiTeI
ReBrTe,BiTeI
ReBrI,BiTeI
ReTeH,BiTeI
ReTeN,BiTeI
ReTeO,BiTeI
ReTeF,BiTeI
ReTeS,BiTeI
ReTeCl,BiTeI
ReTeSe,BiTeI
ReTeBr,BiTeI
ReTeTe,BiTeI
ReTeI,BiTeI
ReIH,BiTeI
ReIN,BiTeI
ReIO,BiTeI
ReIF,BiTeI
ReIS,BiTeI
ReICl,BiTeI
ReISe,BiTeI
ReIBr,BiTeI
ReITe,BiTeI
ReII,BiTeI
OsHH,BiTeI
OsHN,BiTeI
OsHO,BiTeI
OsHF,BiTeI
OsHS,BiTeI
OsHCl,BiTeI
OsHSe,BiTeI
OsHBr,BiTeI
OsHTe,BiTeI
OsHI,BiTeI
OsNH,BiTeI
OsNN,BiTeI
OsNO,BiTeI
OsNF,BiTeI
OsNS,BiTeI
OsNCl,BiTeI
OsNSe,BiTeI
OsNBr,BiTeI
OsNTe,BiTeI
OsNI,BiTeI
OsOH,BiTeI
OsON,BiTeI
OsOO,BiTeI
OsOF,BiTeI
OsOS,BiTeI
OsOCl,BiTeI
OsOSe,BiTeI
OsOBr,BiTeI
OsOTe,BiTeI
OsOI,BiTeI
OsFH,BiTeI
OsFN,BiTeI
OsFO,BiTeI
OsFF,BiTeI
OsFS,BiTeI
OsFCl,BiTeI
OsFSe,BiTeI
OsFBr,BiTeI
OsFTe,BiTeI
OsFI,BiTeI
OsSH,BiTeI
OsSN,BiTeI
OsSO,BiTeI
OsSF,BiTeI
OsSS,BiTeI
OsSCl,BiTeI
OsSSe,BiTeI
OsSBr,BiTeI
OsSTe,BiTeI
OsSI,BiTeI
OsClH,BiTeI
OsClN,BiTeI
OsClO,BiTeI
OsClF,BiTeI
OsClS,BiTeI
OsClCl,BiTeI
OsClSe,BiTeI
OsClBr,BiTeI
OsClTe,BiTeI
OsClI,BiTeI
OsSeH,BiTeI
OsSeN,BiTeI
OsSeO,BiTeI
OsSeF,BiTeI
OsSeS,BiTeI
OsSeCl,BiTeI
OsSeSe,BiTeI
OsSeBr,BiTeI
OsSeTe,BiTeI
OsSeI,BiTeI
OsBrH,BiTeI
OsBrN,BiTeI
OsBrO,BiTeI
OsBrF,BiTeI
OsBrS,BiTeI
OsBrCl,BiTeI
OsBrSe,BiTeI
OsBrBr,BiTeI
OsBrTe,BiTeI
OsBrI,BiTeI
OsTeH,BiTeI
OsTeN,BiTeI
OsTeO,BiTeI
OsTeF,BiTeI
OsTeS,BiTeI
OsTeCl,BiTeI
OsTeSe,BiTeI
OsTeBr,BiTeI
OsTeTe,BiTeI
OsTeI,BiTeI
OsIH,BiTeI
OsIN,BiTeI
OsIO,BiTeI
OsIF,BiTeI
OsIS,BiTeI
OsICl,BiTeI
OsISe,BiTeI
OsIBr,BiTeI
OsITe,BiTeI
OsII,BiTeI
IrHH,BiTeI
IrHN,BiTeI
IrHO,BiTeI
IrHF,BiTeI
IrHS,BiTeI
IrHCl,BiTeI
IrHSe,BiTeI
IrHBr,BiTeI
IrHTe,BiTeI
IrHI,BiTeI
IrNH,BiTeI
IrNN,BiTeI
IrNO,BiTeI
IrNF,BiTeI
IrNS,BiTeI
IrNCl,BiTeI
IrNSe,BiTeI
IrNBr,BiTeI
IrNTe,BiTeI
IrNI,BiTeI
IrOH,BiTeI
IrON,BiTeI
IrOO,BiTeI
IrOF,BiTeI
IrOS,BiTeI
IrOCl,BiTeI
IrOSe,BiTeI
IrOBr,BiTeI
IrOTe,BiTeI
IrOI,BiTeI
IrFH,BiTeI
IrFN,BiTeI
IrFO,BiTeI
IrFF,BiTeI
IrFS,BiTeI
IrFCl,BiTeI
IrFSe,BiTeI
IrFBr,BiTeI
IrFTe,BiTeI
IrFI,BiTeI
IrSH,BiTeI
IrSN,BiTeI
IrSO,BiTeI
IrSF,BiTeI
IrSS,BiTeI
IrSCl,BiTeI
IrSSe,BiTeI
IrSBr,BiTeI
IrSTe,BiTeI
IrSI,BiTeI
IrClH,BiTeI
IrClN,BiTeI
IrClO,BiTeI
IrClF,BiTeI
IrClS,BiTeI
IrClCl,BiTeI
IrClSe,BiTeI
IrClBr,BiTeI
IrClTe,BiTeI
IrClI,BiTeI
IrSeH,BiTeI
IrSeN,BiTeI
IrSeO,BiTeI
IrSeF,BiTeI
IrSeS,BiTeI
IrSeCl,BiTeI
IrSeSe,BiTeI
IrSeBr,BiTeI
IrSeTe,BiTeI
IrSeI,BiTeI
IrBrH,BiTeI
IrBrN,BiTeI
IrBrO,BiTeI
IrBrF,BiTeI
IrBrS,BiTeI
IrBrCl,BiTeI
IrBrSe,BiTeI
IrBrBr,BiTeI
IrBrTe,BiTeI
IrBrI,BiTeI
IrTeH,BiTeI
IrTeN,BiTeI
IrTeO,BiTeI
IrTeF,BiTeI
IrTeS,BiTeI
IrTeCl,BiTeI
IrTeSe,BiTeI
IrTeBr,BiTeI
IrTeTe,BiTeI
IrTeI,BiTeI
IrIH,BiTeI
IrIN,BiTeI
IrIO,BiTeI
IrIF,BiTeI
IrIS,BiTeI
IrICl,BiTeI
IrISe,BiTeI
IrIBr,BiTeI
IrITe,BiTeI
IrII,BiTeI
PtHH,BiTeI
PtHN,BiTeI
PtHO,BiTeI
PtHF,BiTeI
PtHS,BiTeI
PtHCl,BiTeI
PtHBr,BiTeI
PtHI,BiTeI
PtNH,BiTeI
PtNN,BiTeI
PtNO,BiTeI
PtNF,BiTeI
PtNS,BiTeI
PtNCl,BiTeI
PtNSe,BiTeI
PtNBr,BiTeI
PtNTe,BiTeI
PtNI,BiTeI
PtOH,BiTeI
PtON,BiTeI
PtOO,BiTeI
PtOF,BiTeI
PtOS,BiTeI
PtOCl,BiTeI
PtOSe,BiTeI
PtOBr,BiTeI
PtOTe,BiTeI
PtOI,BiTeI
PtFH,BiTeI
PtFN,BiTeI
PtFO,BiTeI
PtFF,BiTeI
PtFS,BiTeI
PtFCl,BiTeI
PtFBr,BiTeI
PtFI,BiTeI
PtSH,BiTeI
PtSN,BiTeI
PtSO,BiTeI
PtSF,BiTeI
PtSS,BiTeI
PtSCl,BiTeI
PtSSe,BiTeI
PtSBr,BiTeI
PtSTe,BiTeI
PtSI,BiTeI
PtClH,BiTeI
PtClN,BiTeI
PtClO,BiTeI
PtClF,BiTeI
PtClS,BiTeI
PtClCl,BiTeI
PtClBr,BiTeI
PtClI,BiTeI
PtSeN,BiTeI
PtSeO,BiTeI
PtSeS,BiTeI
PtSeSe,BiTeI
PtSeTe,BiTeI
PtBrH,BiTeI
PtBrN,BiTeI
PtBrO,BiTeI
PtBrF,BiTeI
PtBrS,BiTeI
PtBrCl,BiTeI
PtBrBr,BiTeI
PtBrI,BiTeI
PtTeN,BiTeI
PtTeO,BiTeI
PtTeS,BiTeI
PtTeSe,BiTeI
PtTeTe,BiTeI
PtIH,BiTeI
PtIN,BiTeI
PtIO,BiTeI
PtIF,BiTeI
PtIS,BiTeI
PtICl,BiTeI
PtIBr,BiTeI
PtII,BiTeI
AuHH,BiTeI
AuHN,BiTeI
AuHO,BiTeI
AuHF,BiTeI
AuHS,BiTeI
AuHCl,BiTeI
AuHSe,BiTeI
AuHBr,BiTeI
AuHTe,BiTeI
AuHI,BiTeI
AuNH,BiTeI
AuNN,BiTeI
AuNO,BiTeI
AuNF,BiTeI
AuNS,BiTeI
AuNCl,BiTeI
AuNSe,BiTeI
AuNBr,BiTeI
AuNTe,BiTeI
AuNI,BiTeI
AuOH,BiTeI
AuON,BiTeI
AuOO,BiTeI
AuOF,BiTeI
AuOS,BiTeI
AuOCl,BiTeI
AuOSe,BiTeI
AuOBr,BiTeI
AuOTe,BiTeI
AuOI,BiTeI
AuFH,BiTeI
AuFN,BiTeI
AuFO,BiTeI
AuFF,BiTeI
AuFS,BiTeI
AuFCl,BiTeI
AuFSe,BiTeI
AuFBr,BiTeI
AuFTe,BiTeI
AuFI,BiTeI
AuSH,BiTeI
AuSN,BiTeI
AuSO,BiTeI
AuSF,BiTeI
AuSS,BiTeI
AuSCl,BiTeI
AuSSe,BiTeI
AuSBr,BiTeI
AuSTe,BiTeI
AuSI,BiTeI
AuClH,BiTeI
AuClN,BiTeI
AuClO,BiTeI
AuClF,BiTeI
AuClS,BiTeI
AuClCl,BiTeI
AuClSe,BiTeI
AuClBr,BiTeI
AuClTe,BiTeI
AuClI,BiTeI
AuSeH,BiTeI
AuSeN,BiTeI
AuSeO,BiTeI
AuSeF,BiTeI
AuSeS,BiTeI
AuSeCl,BiTeI
AuSeBr,BiTeI
AuSeI,BiTeI
AuBrH,BiTeI
AuBrN,BiTeI
AuBrO,BiTeI
AuBrF,BiTeI
AuBrS,BiTeI
AuBrCl,BiTeI
AuBrSe,BiTeI
AuBrBr,BiTeI
AuBrTe,BiTeI
AuBrI,BiTeI
AuTeH,BiTeI
AuTeN,BiTeI
AuTeO,BiTeI
AuTeF,BiTeI
AuTeS,BiTeI
AuTeCl,BiTeI
AuTeBr,BiTeI
AuTeI,BiTeI
AuIH,BiTeI
AuIN,BiTeI
AuIO,BiTeI
AuIF,BiTeI
AuIS,BiTeI
AuICl,BiTeI
AuISe,BiTeI
AuIBr,BiTeI
AuITe,BiTeI
AuII,BiTeI
HgHH,BiTeI
HgHN,BiTeI
HgHO,BiTeI
HgHF,BiTeI
HgHS,BiTeI
HgHCl,BiTeI
HgHBr,BiTeI
HgHI,BiTeI
HgNH,BiTeI
HgNN,BiTeI
HgNO,BiTeI
HgNF,BiTeI
HgNS,BiTeI
HgNCl,BiTeI
HgNBr,BiTeI
HgNI,BiTeI
HgOH,BiTeI
HgON,BiTeI
HgOO,BiTeI
HgOF,BiTeI
HgOS,BiTeI
HgOCl,BiTeI
HgOBr,BiTeI
HgOI,BiTeI
HgFH,BiTeI
HgFN,BiTeI
HgFO,BiTeI
HgFF,BiTeI
HgFS,BiTeI
HgFCl,BiTeI
HgFBr,BiTeI
HgFI,BiTeI
HgSH,BiTeI
HgSN,BiTeI
HgSO,BiTeI
HgSF,BiTeI
HgSS,BiTeI
HgSCl,BiTeI
HgSBr,BiTeI
HgSI,BiTeI
HgClH,BiTeI
HgClN,BiTeI
HgClO,BiTeI
HgClF,BiTeI
HgClS,BiTeI
HgClCl,BiTeI
HgClBr,BiTeI
HgClI,BiTeI
HgBrH,BiTeI
HgBrN,BiTeI
HgBrO,BiTeI
HgBrF,BiTeI
HgBrS,BiTeI
HgBrCl,BiTeI
HgBrBr,BiTeI
HgBrI,BiTeI
HgIH,BiTeI
HgIN,BiTeI
HgIO,BiTeI
HgIF,BiTeI
HgIS,BiTeI
HgICl,BiTeI
HgIBr,BiTeI
HgII,BiTeI
TlHN,BiTeI
TlHO,BiTeI
TlHS,BiTeI
TlHSe,BiTeI
TlHTe,BiTeI
TlNH,BiTeI
TlNN,BiTeI
TlNO,BiTeI
TlNF,BiTeI
TlNS,BiTeI
TlNCl,BiTeI
TlNSe,BiTeI
TlNBr,BiTeI
TlNTe,BiTeI
TlNI,BiTeI
TlOH,BiTeI
TlON,BiTeI
TlOO,BiTeI
TlOF,BiTeI
TlOS,BiTeI
TlOCl,BiTeI
TlOSe,BiTeI
TlOBr,BiTeI
TlOTe,BiTeI
TlOI,BiTeI
TlFN,BiTeI
TlFO,BiTeI
TlFS,BiTeI
TlFSe,BiTeI
TlFTe,BiTeI
TlSH,BiTeI
TlSN,BiTeI
TlSO,BiTeI
TlSF,BiTeI
TlSS,BiTeI
TlSCl,BiTeI
TlSSe,BiTeI
TlSBr,BiTeI
TlSTe,BiTeI
TlSI,BiTeI
TlClN,BiTeI
TlClO,BiTeI
TlClS,BiTeI
TlClSe,BiTeI
TlClTe,BiTeI
TlSeH,BiTeI
TlSeN,BiTeI
TlSeO,BiTeI
TlSeF,BiTeI
TlSeS,BiTeI
TlSeCl,BiTeI
TlSeBr,BiTeI
TlSeI,BiTeI
TlBrN,BiTeI
TlBrO,BiTeI
TlBrS,BiTeI
TlBrSe,BiTeI
TlBrTe,BiTeI
TlTeH,BiTeI
TlTeN,BiTeI
TlTeO,BiTeI
TlTeF,BiTeI
TlTeS,BiTeI
TlTeCl,BiTeI
TlTeBr,BiTeI
TlTeI,BiTeI
TlIN,BiTeI
TlIO,BiTeI
TlIS,BiTeI
TlISe,BiTeI
TlITe,BiTeI
PbHH,BiTeI
PbHN,BiTeI
PbHO,BiTeI
PbHF,BiTeI
PbHS,BiTeI
PbHCl,BiTeI
PbHBr,BiTeI
PbHI,BiTeI
PbNH,BiTeI
PbNN,BiTeI
PbNO,BiTeI
PbNF,BiTeI
PbNS,BiTeI
PbNCl,BiTeI
PbNSe,BiTeI
PbNBr,BiTeI
PbNTe,BiTeI
PbNI,BiTeI
PbOH,BiTeI
PbON,BiTeI
PbOO,BiTeI
PbOF,BiTeI
PbOS,BiTeI
PbOCl,BiTeI
PbOSe,BiTeI
PbOBr,BiTeI
PbOTe,BiTeI
PbOI,BiTeI
PbFH,BiTeI
PbFN,BiTeI
PbFO,BiTeI
PbFF,BiTeI
PbFS,BiTeI
PbFCl,BiTeI
PbFBr,BiTeI
PbFI,BiTeI
PbSH,BiTeI
PbSN,BiTeI
PbSO,BiTeI
PbSF,BiTeI
PbSS,BiTeI
PbSCl,BiTeI
PbSSe,BiTeI
PbSBr,BiTeI
PbSTe,BiTeI
PbSI,BiTeI
PbClH,BiTeI
PbClN,BiTeI
PbClO,BiTeI
PbClF,BiTeI
PbClS,BiTeI
PbClCl,BiTeI
PbClBr,BiTeI
PbClI,BiTeI
PbSeN,BiTeI
PbSeO,BiTeI
PbSeS,BiTeI
PbSeSe,BiTeI
PbSeTe,BiTeI
PbBrH,BiTeI
PbBrN,BiTeI
PbBrO,BiTeI
PbBrF,BiTeI
PbBrS,BiTeI
PbBrCl,BiTeI
PbBrBr,BiTeI
PbBrI,BiTeI
PbTeN,BiTeI
PbTeO,BiTeI
PbTeS,BiTeI
PbTeSe,BiTeI
PbTeTe,BiTeI
PbIH,BiTeI
PbIN,BiTeI
PbIO,BiTeI
PbIF,BiTeI
PbIS,BiTeI
PbICl,BiTeI
PbIBr,BiTeI
PbII,BiTeI
BiHN,BiTeI
BiHO,BiTeI
BiHS,BiTeI
BiHSe,BiTeI
BiHTe,BiTeI
BiNH,BiTeI
BiNN,BiTeI
BiNO,BiTeI
BiNF,BiTeI
BiNS,BiTeI
BiNCl,BiTeI
BiNSe,BiTeI
BiNBr,BiTeI
BiNTe,BiTeI
BiNI,BiTeI
BiOH,BiTeI
BiON,BiTeI
BiOO,BiTeI
BiOF,BiTeI
BiOS,BiTeI
BiOCl,BiTeI
BiOSe,BiTeI
BiOBr,BiTeI
BiOTe,BiTeI
BiOI,BiTeI
BiFN,BiTeI
BiFO,BiTeI
BiFS,BiTeI
BiFSe,BiTeI
BiFTe,BiTeI
BiSH,BiTeI
BiSN,BiTeI
BiSO,BiTeI
BiSF,BiTeI
BiSS,BiTeI
BiSCl,BiTeI
BiSSe,BiTeI
BiSBr,BiTeI
BiSTe,BiTeI
BiSI,BiTeI
BiClN,BiTeI
BiClO,BiTeI
BiClS,BiTeI
BiClSe,BiTeI
BiClTe,BiTeI
BiSeH,BiTeI
BiSeN,BiTeI
BiSeO,BiTeI
BiSeF,BiTeI
BiSeS,BiTeI
BiSeCl,BiTeI
BiSeBr,BiTeI
BiSeI,BiTeI
BiBrN,BiTeI
BiBrO,BiTeI
BiBrS,BiTeI
BiBrSe,BiTeI
BiBrTe,BiTeI
BiTeH,BiTeI
BiTeN,BiTeI
BiTeO,BiTeI
BiTeF,BiTeI
BiTeS,BiTeI
BiTeCl,BiTeI
BiTeBr,BiTeI
BiTeI,BiTeI
BiIN,BiTeI
BiIO,BiTeI
BiIS,BiTeI
BiISe,BiTeI
BiITe,BiTeI
