AlHN,MoSSe
AlHO,MoSSe
AlHS,MoSSe
AlHSe,MoSSe
AlHTe,MoSSe
AlNH,MoSSe
AlNN,MoSSe
AlNO,MoSSe
AlNF,MoSSe
AlNS,MoSSe
AlNCl,MoSSe
AlNSe,MoSSe
AlNBr,MoSSe
AlNTe,MoSSe
AlNI,MoSSe
AlOH,MoSSe
AlON,MoSSe
AlOO,MoSSe
AlOF,MoSSe
AlOS,MoSSe
AlOCl,MoSSe
AlOSe,MoSSe
AlOBr,MoSSe
AlOTe,MoSSe
AlOI,MoSSe
AlFN,MoSSe
AlFO,MoSSe
AlFS,MoSSe
AlFSe,MoSSe
AlFTe,MoSSe
AlSH,MoSSe
AlSN,MoSSe
AlSO,MoSSe
AlSF,MoSSe
AlSS,MoSSe
AlSCl,MoSSe
AlSSe,MoSSe
AlSBr,MoSSe
AlSTe,MoSSe
AlSI,MoSSe
AlClN,MoSSe
AlClO,MoSSe
AlClS,MoSSe
AlClSe,MoSSe
AlClTe,MoSSe
AlSeH,MoSSe
AlSeN,MoSSe
AlSeO,MoSSe
AlSeF,MoSSe
AlSeS,MoSSe
AlSeCl,MoSSe
AlSeBr,MoSSe
AlSeI,MoSSe
AlBrN,MoSSe
AlBrO,MoSSe
AlBrS,MoSSe
AlBrSe,MoSSe
AlBrTe,MoSSe
AlTeH,MoSSe
AlTeN,MoSSe
AlTeO,MoSSe
AlTeF,MoSSe
AlTeS,MoSSe
AlTeCl,MoSSe
AlTeBr,MoSSe
AlTeI,MoSSe
AlIN,MoSSe
AlIO,MoSSe
AlIS,MoSSe
AlISe,MoSSe
AlITe,MoSSe
SiHH,MoSSe
SiHN,MoSSe
SiHO,MoSSe
SiHF,MoSSe
SiHS,MoSSe
SiHCl,MoSSe
SiHSe,MoSSe
SiHBr,MoSSe
SiHTe,MoSSe
SiHI,MoSSe
SiNH,MoSSe
SiNN,MoSSe
SiNO,MoSSe
SiNF,MoSSe
SiNS,MoSSe
SiNCl,MoSSe
SiNSe,MoSSe
SiNBr,MoSSe
SiNTe,MoSSe
SiNI,MoSSe
SiOH,MoSSe
SiON,MoSSe
SiOO,MoSSe
SiOF,MoSSe
SiOS,MoSSe
SiOCl,MoSSe
SiOSe,MoSSe
SiOBr,MoSSe
SiOTe,MoSSe
SiOI,MoSSe
SiFH,MoSSe
SiFN,MoSSe
SiFO,MoSSe
SiFF,MoSSe
SiFS,MoSSe
SiFCl,MoSSe
SiFSe,MoSSe
SiFBr,MoSSe
SiFTe,MoSSe
SiFI,MoSSe
SiSH,MoSSe
SiSN,MoSSe
SiSO,MoSSe
SiSF,MoSSe
SiSS,MoSSe
SiSCl,MoSSe
SiSSe,MoSSe
SiSBr,MoSSe
SiSTe,MoSSe
SiSI,MoSSe
SiClH,MoSSe
SiClN,MoSSe
SiClO,MoSSe
SiClF,MoSSe
SiClS,MoSSe
SiClCl,MoSSe
SiClSe,MoSSe
SiClBr,MoSSe
SiClTe,MoSSe
SiClI,MoSSe
SiSeH,MoSSe
SiSeN,MoSSe
SiSeO,MoSSe
SiSeF,MoSSe
SiSeS,MoSSe
SiSeCl,MoSSe
SiSeSe,MoSSe
SiSeBr,MoSSe
SiSeTe,MoSSe
SiSeI,MoSSe
SiBrH,MoSSe
SiBrN,MoSSe
SiBrO,MoSSe
SiBrF,MoSSe
SiBrS,MoSSe
SiBrCl,MoSSe
SiBrSe,MoSSe
SiBrBr,MoSSe
SiBrTe,MoSSe
SiBrI,MoSSe
SiTeH,MoSSe
SiTeN,MoSSe
SiTeO,MoSSe
SiTeF,MoSSe
SiTeS,MoSSe
SiTeCl,MoSSe
SiTeSe,MoSSe
SiTeBr,MoSSe
SiTeTe,MoSSe
SiTeI,MoSSe
SiIH,MoSSe
SiIN,MoSSe
SiIO,MoSSe
SiIF,MoSSe
SiIS,MoSSe
SiICl,MoSSe
SiISe,MoSSe
SiIBr,MoSSe
SiITe,MoSSe
SiII,MoSSe
CaHH,MoSSe
CaHN,MoSSe
CaHO,MoSSe
CaHF,MoSSe
CaHS,MoSSe
CaHCl,MoSSe
CaHBr,MoSSe
CaHI,MoSSe
CaNH,MoSSe
CaNN,MoSSe
CaNO,MoSSe
CaNF,MoSSe
CaNS,MoSSe
CaNCl,MoSSe
CaNBr,MoSSe
CaNI,MoSSe
CaOH,MoSSe
CaON,MoSSe
CaOO,MoSSe
CaOF,MoSSe
CaOS,MoSSe
CaOCl,MoSSe
CaOBr,MoSSe
CaOI,MoSSe
CaFH,MoSSe
CaFN,MoSSe
CaFO,MoSSe
CaFF,MoSSe
CaFS,MoSSe
CaFCl,MoSSe
CaFBr,MoSSe
CaFI,MoSSe
CaSH,MoSSe
CaSN,MoSSe
CaSO,MoSSe
CaSF,MoSSe
CaSS,MoSSe
CaSCl,MoSSe
CaSBr,MoSSe
CaSI,MoSSe
CaClH,MoSSe
CaClN,MoSSe
CaClO,MoSSe
CaClF,MoSSe
CaClS,MoSSe
CaClCl,MoSSe
CaClBr,MoSSe
CaClI,MoSSe
CaBrH,MoSSe
CaBrN,MoSSe
CaBrO,MoSSe
CaBrF,MoSSe
CaBrS,MoSSe
CaBrCl,MoSSe
CaBrBr,MoSSe
CaBrI,MoSSe
CaIH,MoSSe
CaIN,MoSSe
CaIO,MoSSe
CaIF,MoSSe
CaIS,MoSSe
CaICl,MoSSe
CaIBr,MoSSe
CaII,MoSSe
ScHH,MoSSe
ScHN,MoSSe
ScHO,MoSSe
ScHF,MoSSe
ScHS,MoSSe
ScHCl,MoSSe
ScHSe,MoSSe
ScHBr,MoSSe
ScHTe,MoSSe
ScHI,MoSSe
ScNH,MoSSe
ScNN,MoSSe
ScNO,MoSSe
ScNF,MoSSe
ScNS,MoSSe
ScNCl,MoSSe
ScNSe,MoSSe
ScNBr,MoSSe
ScNTe,MoSSe
ScNI,MoSSe
ScOH,MoSSe
ScON,MoSSe
ScOO,MoSSe
ScOF,MoSSe
ScOS,MoSSe
ScOCl,MoSSe
ScOSe,MoSSe
ScOBr,MoSSe
ScOTe,MoSSe
ScOI,MoSSe
ScFH,MoSSe
ScFN,MoSSe
ScFO,MoSSe
ScFF,MoSSe
ScFS,MoSSe
ScFCl,MoSSe
ScFSe,MoSSe
ScFBr,MoSSe
ScFTe,MoSSe
ScFI,MoSSe
ScSH,MoSSe
ScSN,MoSSe
ScSO,MoSSe
ScSF,MoSSe
ScSS,MoSSe
ScSCl,MoSSe
ScSSe,MoSSe
ScSBr,MoSSe
ScSTe,MoSSe
ScSI,MoSSe
ScClH,MoSSe
ScClN,MoSSe
ScClO,MoSSe
ScClF,MoSSe
ScClS,MoSSe
ScClCl,MoSSe
ScClSe,MoSSe
ScClBr,MoSSe
ScClTe,MoSSe
ScClI,MoSSe
ScSeH,MoSSe
ScSeN,MoSSe
ScSeO,MoSSe
ScSeF,MoSSe
ScSeS,MoSSe
ScSeCl,MoSSe
ScSeBr,MoSSe
ScSeI,MoSSe
ScBrH,MoSSe
ScBrN,MoSSe
ScBrO,MoSSe
ScBrF,MoSSe
ScBrS,MoSSe
ScBrCl,MoSSe
ScBrSe,MoSSe
ScBrBr,MoSSe
ScBrTe,MoSSe
ScBrI,MoSSe
ScTeH,MoSSe
ScTeN,MoSSe
ScTeO,MoSSe
ScTeF,MoSSe
ScTeS,MoSSe
ScTeCl,MoSSe
ScTeBr,MoSSe
ScTeI,MoSSe
ScIH,MoSSe
ScIN,MoSSe
ScIO,MoSSe
ScIF,MoSSe
ScIS,MoSSe
ScICl,MoSSe
ScISe,MoSSe
ScIBr,MoSSe
ScITe,MoSSe
ScII,MoSSe
TiHH,MoSSe
TiHN,MoSSe
TiHO,MoSSe
TiHF,MoSSe
TiHS,MoSSe
TiHCl,MoSSe
TiHSe,MoSSe
TiHBr,MoSSe
TiHTe,MoSSe
TiHI,MoSSe
TiNH,MoSSe
TiNN,MoSSe
TiNO,MoSSe
TiNF,MoSSe
TiNS,MoSSe
TiNCl,MoSSe
TiNSe,MoSSe
TiNBr,MoSSe
TiNTe,MoSSe
TiNI,MoSSe
TiOH,MoSSe
TiON,MoSSe
TiOO,MoSSe
TiOF,MoSSe
TiOS,MoSSe
TiOCl,MoSSe
TiOSe,MoSSe
TiOBr,MoSSe
TiOTe,MoSSe
TiOI,MoSSe
TiFH,MoSSe
TiFN,MoSSe
TiFO,MoSSe
TiFF,MoSSe
TiFS,MoSSe
TiFCl,MoSSe
TiFSe,MoSSe
TiFBr,MoSSe
TiFTe,MoSSe
TiFI,MoSSe
TiSH,MoSSe
TiSN,MoSSe
TiSO,MoSSe
TiSF,MoSSe
TiSS,MoSSe
TiSCl,MoSSe
TiSSe,MoSSe
TiSBr,MoSSe
TiSTe,MoSSe
TiSI,MoSSe
TiClH,MoSSe
TiClN,MoSSe
TiClO,MoSSe
TiClF,MoSSe
TiClS,MoSSe
TiClCl,MoSSe
TiClSe,MoSSe
TiClBr,MoSSe
TiClTe,MoSSe
TiClI,MoSSe
TiSeH,MoSSe
TiSeN,MoSSe
TiSeO,MoSSe
TiSeF,MoSSe
TiSeS,MoSSe
TiSeCl,MoSSe
TiSeSe,MoSSe
TiSeBr,MoSSe
TiSeTe,MoSSe
TiSeI,MoSSe
TiBrH,MoSSe
TiBrN,MoSSe
TiBrO,MoSSe
TiBrF,MoSSe
TiBrS,MoSSe
TiBrCl,MoSSe
TiBrSe,MoSSe
TiBrBr,MoSSe
TiBrTe,MoSSe
TiBrI,MoSSe
TiTeH,MoSSe
TiTeN,MoSSe
TiTeO,MoSSe
TiTeF,MoSSe
TiTeS,MoSSe
TiTeCl,MoSSe
TiTeSe,MoSSe
TiTeBr,MoSSe
TiTeTe,MoSSe
TiTeI,MoSSe
TiIH,MoSSe
TiIN,MoSSe
TiIO,MoSSe
TiIF,MoSSe
TiIS,MoSSe
TiICl,MoSSe
TiISe,MoSSe
TiIBr,MoSSe
TiITe,MoSSe
TiII,MoSSe
VHH,MoSSe
VHN,MoSSe
VHO,MoSSe
VHF,MoSSe
VHS,MoSSe
VHCl,MoSSe
VHSe,MoSSe
VHBr,MoSSe
VHTe,MoSSe
VHI,MoSSe
VNH,MoSSe
VNN,MoSSe
VNO,MoSSe
VNF,MoSSe
VNS,MoSSe
VNCl,MoSSe
VNSe,MoSSe
VNBr,MoSSe
VNTe,MoSSe
VNI,MoSSe
VOH,MoSSe
VON,MoSSe
VOO,MoSSe
VOF,MoSSe
VOS,MoSSe
VOCl,MoSSe
VOSe,MoSSe
VOBr,MoSSe
VOTe,MoSSe
VOI,MoSSe
VFH,MoSSe
VFN,MoSSe
VFO,MoSSe
VFF,MoSSe
VFS,MoSSe
VFCl,MoSSe
VFSe,MoSSe
VFBr,MoSSe
VFTe,MoSSe
VFI,MoSSe
VSH,MoSSe
VSN,MoSSe
VSO,MoSSe
VSF,MoSSe
VSS,MoSSe
VSCl,MoSSe
VSSe,MoSSe
VSBr,MoSSe
VSTe,MoSSe
VSI,MoSSe
VClH,MoSSe
VClN,MoSSe
VClO,MoSSe
VClF,MoSSe
VClS,MoSSe
VClCl,MoSSe
VClSe,MoSSe
VClBr,MoSSe
VClTe,MoSSe
VClI,MoSSe
VSeH,MoSSe
VSeN,MoSSe
VSeO,MoSSe
VSeF,MoSSe
VSeS,MoSSe
VSeCl,MoSSe
VSeSe,MoSSe
VSeBr,MoSSe
VSeTe,MoSSe
VSeI,MoSSe
VBrH,MoSSe
VBrN,MoSSe
VBrO,MoSSe
VBrF,MoSSe
VBrS,MoSSe
VBrCl,MoSSe
VBrSe,MoSSe
VBrBr,MoSSe
VBrTe,MoSSe
VBrI,MoSSe
VTeH,MoSSe
VTeN,MoSSe
VTeO,MoSSe
VTeF,MoSSe
VTeS,MoSSe
VTeCl,MoSSe
VTeSe,MoSSe
VTeBr,MoSSe
VTeTe,MoSSe
VTeI,MoSSe
VIH,MoSSe
VIN,MoSSe
VIO,MoSSe
VIF,MoSSe
VIS,MoSSe
VICl,MoSSe
VISe,MoSSe
VIBr,MoSSe
VITe,MoSSe
VII,MoSSe
CrHH,MoSSe
CrHN,MoSSe
CrHO,MoSSe
CrHF,MoSSe
CrHS,MoSSe
CrHCl,MoSSe
CrHSe,MoSSe
CrHBr,MoSSe
CrHTe,MoSSe
CrHI,MoSSe
CrNH,MoSSe
CrNN,MoSSe
CrNO,MoSSe
CrNF,MoSSe
CrNS,MoSSe
CrNCl,MoSSe
CrNSe,MoSSe
CrNBr,MoSSe
CrNTe,MoSSe
CrNI,MoSSe
CrOH,MoSSe
CrON,MoSSe
CrOO,MoSSe
CrOF,MoSSe
CrOS,MoSSe
CrOCl,MoSSe
CrOSe,MoSSe
CrOBr,MoSSe
CrOTe,MoSSe
CrOI,MoSSe
CrFH,MoSSe
CrFN,MoSSe
CrFO,MoSSe
CrFF,MoSSe
CrFS,MoSSe
CrFCl,MoSSe
CrFSe,MoSSe
CrFBr,MoSSe
CrFTe,MoSSe
CrFI,MoSSe
CrSH,MoSSe
CrSN,MoSSe
CrSO,MoSSe
CrSF,MoSSe
CrSS,MoSSe
CrSCl,MoSSe
CrSSe,MoSSe
CrSBr,MoSSe
CrSTe,MoSSe
CrSI,MoSSe
CrClH,MoSSe
CrClN,MoSSe
CrClO,MoSSe
CrClF,MoSSe
CrClS,MoSSe
CrClCl,MoSSe
CrClSe,MoSSe
CrClBr,MoSSe
CrClTe,MoSSe
CrClI,MoSSe
CrSeH,MoSSe
CrSeN,MoSSe
CrSeO,MoSSe
CrSeF,MoSSe
CrSeS,MoSSe
CrSeCl,MoSSe
CrSeSe,MoSSe
CrSeBr,MoSSe
CrSeTe,MoSSe
CrSeI,MoSSe
CrBrH,MoSSe
CrBrN,MoSSe
CrBrO,MoSSe
CrBrF,MoSSe
CrBrS,MoSSe
CrBrCl,MoSSe
CrBrSe,MoSSe
CrBrBr,MoSSe
CrBrTe,MoSSe
CrBrI,MoSSe
CrTeH,MoSSe
CrTeN,MoSSe
CrTeO,MoSSe
CrTeF,MoSSe
CrTeS,MoSSe
CrTeCl,MoSSe
CrTeSe,MoSSe
CrTeBr,MoSSe
CrTeTe,MoSSe
CrTeI,MoSSe
CrIH,MoSSe
CrIN,MoSSe
CrIO,MoSSe
CrIF,MoSSe
CrIS,MoSSe
CrICl,MoSSe
CrISe,MoSSe
CrIBr,MoSSe
CrITe,MoSSe
CrII,MoSSe
MnHH,MoSSe
MnHN,MoSSe
MnHO,MoSSe
MnHF,MoSSe
MnHS,MoSSe
MnHCl,MoSSe
MnHSe,MoSSe
MnHBr,MoSSe
MnHTe,MoSSe
MnHI,MoSSe
MnNH,MoSSe
MnNN,MoSSe
MnNO,MoSSe
MnNF,MoSSe
MnNS,MoSSe
MnNCl,MoSSe
MnNSe,MoSSe
MnNBr,MoSSe
MnNTe,MoSSe
MnNI,MoSSe
MnOH,MoSSe
MnON,MoSSe
MnOO,MoSSe
MnOF,MoSSe
MnOS,MoSSe
MnOCl,MoSSe
MnOSe,MoSSe
MnOBr,MoSSe
MnOTe,MoSSe
MnOI,MoSSe
MnFH,MoSSe
MnFN,MoSSe
MnFO,MoSSe
MnFF,MoSSe
MnFS,MoSSe
MnFCl,MoSSe
MnFSe,MoSSe
MnFBr,MoSSe
MnFTe,MoSSe
MnFI,MoSSe
MnSH,MoSSe
MnSN,MoSSe
MnSO,MoSSe
MnSF,MoSSe
MnSS,MoSSe
MnSCl,MoSSe
MnSSe,MoSSe
MnSBr,MoSSe
MnSTe,MoSSe
MnSI,MoSSe
MnClH,MoSSe
MnClN,MoSSe
MnClO,MoSSe
MnClF,MoSSe
MnClS,MoSSe
MnClCl,MoSSe
MnClSe,MoSSe
MnClBr,MoSSe
MnClTe,MoSSe
MnClI,MoSSe
MnSeH,MoSSe
MnSeN,MoSSe
MnSeO,MoSSe
MnSeF,MoSSe
MnSeS,MoSSe
MnSeCl,MoSSe
MnSeSe,MoSSe
MnSeBr,MoSSe
MnSeTe,MoSSe
MnSeI,MoSSe
MnBrH,MoSSe
MnBrN,MoSSe
MnBrO,MoSSe
MnBrF,MoSSe
MnBrS,MoSSe
MnBrCl,MoSSe
MnBrSe,MoSSe
MnBrBr,MoSSe
MnBrTe,MoSSe
MnBrI,MoSSe
MnTeH,MoSSe
MnTeN,MoSSe
MnTeO,MoSSe
MnTeF,MoSSe
MnTeS,MoSSe
MnTeCl,MoSSe
MnTeSe,MoSSe
MnTeBr,MoSSe
MnTeTe,MoSSe
MnTeI,MoSSe
MnIH,MoSSe
MnIN,MoSSe
MnIO,MoSSe
MnIF,MoSSe
MnIS,MoSSe
MnICl,MoSSe
MnISe,MoSSe
MnIBr,MoSSe
MnITe,MoSSe
MnII,MoSSe
FeHH,MoSSe
FeHN,MoSSe
FeHO,MoSSe
FeHF,MoSSe
FeHS,MoSSe
FeHCl,MoSSe
FeHSe,MoSSe
FeHBr,MoSSe
FeHTe,MoSSe
FeHI,MoSSe
FeNH,MoSSe
FeNN,MoSSe
FeNO,MoSSe
FeNF,MoSSe
FeNS,MoSSe
FeNCl,MoSSe
FeNSe,MoSSe
FeNBr,MoSSe
FeNTe,MoSSe
FeNI,MoSSe
FeOH,MoSSe
FeON,MoSSe
FeOO,MoSSe
FeOF,MoSSe
FeOS,MoSSe
FeOCl,MoSSe
FeOSe,MoSSe
FeOBr,MoSSe
FeOTe,MoSSe
FeOI,MoSSe
FeFH,MoSSe
FeFN,MoSSe
FeFO,MoSSe
FeFF,MoSSe
FeFS,MoSSe
FeFCl,MoSSe
FeFSe,MoSSe
FeFBr,MoSSe
FeFTe,MoSSe
FeFI,MoSSe
FeSH,MoSSe
FeSN,MoSSe
FeSO,MoSSe
FeSF,MoSSe
FeSS,MoSSe
FeSCl,MoSSe
FeSSe,MoSSe
FeSBr,MoSSe
FeSTe,MoSSe
FeSI,MoSSe
FeClH,MoSSe
FeClN,MoSSe
FeClO,MoSSe
FeClF,MoSSe
FeClS,MoSSe
FeClCl,MoSSe
FeClSe,MoSSe
FeClBr,MoSSe
FeClTe,MoSSe
FeClI,MoSSe
FeSeH,MoSSe
FeSeN,MoSSe
FeSeO,MoSSe
FeSeF,MoSSe
FeSeS,MoSSe
FeSeCl,MoSSe
FeSeSe,MoSSe
FeSeBr,MoSSe
FeSeTe,MoSSe
FeSeI,MoSSe
FeBrH,MoSSe
FeBrN,MoSSe
FeBrO,MoSSe
FeBrF,MoSSe
FeBrS,MoSSe
FeBrCl,MoSSe
FeBrSe,MoSSe
FeBrBr,MoSSe
FeBrTe,MoSSe
FeBrI,MoSSe
FeTeH,MoSSe
FeTeN,MoSSe
FeTeO,MoSSe
FeTeF,MoSSe
FeTeS,MoSSe
FeTeCl,MoSSe
FeTeSe,MoSSe
FeTeBr,MoSSe
FeTeTe,MoSSe
FeTeI,MoSSe
FeIH,MoSSe
FeIN,MoSSe
FeIO,MoSSe
FeIF,MoSSe
FeIS,MoSSe
FeICl,MoSSe
FeISe,MoSSe
FeIBr,MoSSe
FeITe,MoSSe
FeII,MoSSe
CoHH,MoSSe
CoHN,MoSSe
CoHO,MoSSe
CoHF,MoSSe
CoHS,MoSSe
CoHCl,MoSSe
CoHSe,MoSSe
CoHBr,MoSSe
CoHTe,MoSSe
CoHI,MoSSe
CoNH,MoSSe
CoNN,MoSSe
CoNO,MoSSe
CoNF,MoSSe
CoNS,MoSSe
CoNCl,MoSSe
CoNSe,MoSSe
CoNBr,MoSSe
CoNTe,MoSSe
CoNI,MoSSe
CoOH,MoSSe
CoON,MoSSe
CoOO,MoSSe
CoOF,MoSSe
CoOS,MoSSe
CoOCl,MoSSe
CoOSe,MoSSe
CoOBr,MoSSe
CoOTe,MoSSe
CoOI,MoSSe
CoFH,MoSSe
CoFN,MoSSe
CoFO,MoSSe
CoFF,MoSSe
CoFS,MoSSe
CoFCl,MoSSe
CoFSe,MoSSe
CoFBr,MoSSe
CoFTe,MoSSe
CoFI,MoSSe
CoSH,MoSSe
CoSN,MoSSe
CoSO,MoSSe
CoSF,MoSSe
CoSS,MoSSe
CoSCl,MoSSe
CoSSe,MoSSe
CoSBr,MoSSe
CoSTe,MoSSe
CoSI,MoSSe
CoClH,MoSSe
CoClN,MoSSe
CoClO,MoSSe
CoClF,MoSSe
CoClS,MoSSe
CoClCl,MoSSe
CoClSe,MoSSe
CoClBr,MoSSe
CoClTe,MoSSe
CoClI,MoSSe
CoSeH,MoSSe
CoSeN,MoSSe
CoSeO,MoSSe
CoSeF,MoSSe
CoSeS,MoSSe
CoSeCl,MoSSe
CoSeSe,MoSSe
CoSeBr,MoSSe
CoSeTe,MoSSe
CoSeI,MoSSe
CoBrH,MoSSe
CoBrN,MoSSe
CoBrO,MoSSe
CoBrF,MoSSe
CoBrS,MoSSe
CoBrCl,MoSSe
CoBrSe,MoSSe
CoBrBr,MoSSe
CoBrTe,MoSSe
CoBrI,MoSSe
CoTeH,MoSSe
CoTeN,MoSSe
CoTeO,MoSSe
CoTeF,MoSSe
CoTeS,MoSSe
CoTeCl,MoSSe
CoTeSe,MoSSe
CoTeBr,MoSSe
CoTeTe,MoSSe
CoTeI,MoSSe
CoIH,MoSSe
CoIN,MoSSe
CoIO,MoSSe
CoIF,MoSSe
CoIS,MoSSe
CoICl,MoSSe
CoISe,MoSSe
CoIBr,MoSSe
CoITe,MoSSe
CoII,MoSSe
NiHH,MoSSe
NiHN,MoSSe
NiHO,MoSSe
NiHF,MoSSe
NiHS,MoSSe
NiHCl,MoSSe
NiHSe,MoSSe
NiHBr,MoSSe
NiHTe,MoSSe
NiHI,MoSSe
NiNH,MoSSe
NiNN,MoSSe
NiNO,MoSSe
NiNF,MoSSe
NiNS,MoSSe
NiNCl,MoSSe
NiNSe,MoSSe
NiNBr,MoSSe
NiNTe,MoSSe
NiNI,MoSSe
NiOH,MoSSe
NiON,MoSSe
NiOO,MoSSe
NiOF,MoSSe
NiOS,MoSSe
NiOCl,MoSSe
NiOSe,MoSSe
NiOBr,MoSSe
NiOTe,MoSSe
NiOI,MoSSe
NiFH,MoSSe
NiFN,MoSSe
NiFO,MoSSe
NiFF,MoSSe
NiFS,MoSSe
NiFCl,MoSSe
NiFSe,MoSSe
NiFBr,MoSSe
NiFTe,MoSSe
NiFI,MoSSe
NiSH,MoSSe
NiSN,MoSSe
NiSO,MoSSe
NiSF,MoSSe
NiSS,MoSSe
NiSCl,MoSSe
NiSSe,MoSSe
NiSBr,MoSSe
NiSTe,MoSSe
NiSI,MoSSe
NiClH,MoSSe
NiClN,MoSSe
NiClO,MoSSe
NiClF,MoSSe
NiClS,MoSSe
NiClCl,MoSSe
NiClSe,MoSSe
NiClBr,MoSSe
NiClTe,MoSSe
NiClI,MoSSe
NiSeH,MoSSe
NiSeN,MoSSe
NiSeO,MoSSe
NiSeF,MoSSe
NiSeS,MoSSe
NiSeCl,MoSSe
NiSeSe,MoSSe
NiSeBr,MoSSe
NiSeTe,MoSSe
NiSeI,MoSSe
NiBrH,MoSSe
NiBrN,MoSSe
NiBrO,MoSSe
NiBrF,MoSSe
NiBrS,MoSSe
NiBrCl,MoSSe
NiBrSe,MoSSe
NiBrBr,MoSSe
NiBrTe,MoSSe
NiBrI,MoSSe
NiTeH,MoSSe
NiTeN,MoSSe
NiTeO,MoSSe
NiTeF,MoSSe
NiTeS,MoSSe
NiTeCl,MoSSe
NiTeSe,MoSSe
NiTeBr,MoSSe
NiTeTe,MoSSe
NiTeI,MoSSe
NiIH,MoSSe
NiIN,MoSSe
NiIO,MoSSe
NiIF,MoSSe
NiIS,MoSSe
NiICl,MoSSe
NiISe,MoSSe
NiIBr,MoSSe
NiITe,MoSSe
NiII,MoSSe
CuHH,MoSSe
CuHN,MoSSe
CuHO,MoSSe
CuHF,MoSSe
CuHS,MoSSe
CuHCl,MoSSe
CuHSe,MoSSe
CuHBr,MoSSe
CuHTe,MoSSe
CuHI,MoSSe
CuNH,MoSSe
CuNN,MoSSe
CuNO,MoSSe
CuNF,MoSSe
CuNS,MoSSe
CuNCl,MoSSe
CuNSe,MoSSe
CuNBr,MoSSe
CuNTe,MoSSe
CuNI,MoSSe
CuOH,MoSSe
CuON,MoSSe
CuOO,MoSSe
CuOF,MoSSe
CuOS,MoSSe
CuOCl,MoSSe
CuOSe,MoSSe
CuOBr,MoSSe
CuOTe,MoSSe
CuOI,MoSSe
CuFH,MoSSe
CuFN,MoSSe
CuFO,MoSSe
CuFF,MoSSe
CuFS,MoSSe
CuFCl,MoSSe
CuFSe,MoSSe
CuFBr,MoSSe
CuFTe,MoSSe
CuFI,MoSSe
CuSH,MoSSe
CuSN,MoSSe
CuSO,MoSSe
CuSF,MoSSe
CuSS,MoSSe
CuSCl,MoSSe
CuSSe,MoSSe
CuSBr,MoSSe
CuSTe,MoSSe
CuSI,MoSSe
CuClH,MoSSe
CuClN,MoSSe
CuClO,MoSSe
CuClF,MoSSe
CuClS,MoSSe
CuClCl,MoSSe
CuClSe,MoSSe
CuClBr,MoSSe
CuClTe,MoSSe
CuClI,MoSSe
CuSeH,MoSSe
CuSeN,MoSSe
CuSeO,MoSSe
CuSeF,MoSSe
CuSeS,MoSSe
CuSeCl,MoSSe
CuSeSe,MoSSe
CuSeBr,MoSSe
CuSeTe,MoSSe
CuSeI,MoSSe
CuBrH,MoSSe
CuBrN,MoSSe
CuBrO,MoSSe
CuBrF,MoSSe
CuBrS,MoSSe
CuBrCl,MoSSe
CuBrSe,MoSSe
CuBrBr,MoSSe
CuBrTe,MoSSe
CuBrI,MoSSe
CuTeH,MoSSe
CuTeN,MoSSe
CuTeO,MoSSe
CuTeF,MoSSe
CuTeS,MoSSe
CuTeCl,MoSSe
CuTeSe,MoSSe
CuTeBr,MoSSe
CuTeTe,MoSSe
CuTeI,MoSSe
CuIH,MoSSe
CuIN,MoSSe
CuIO,MoSSe
CuIF,MoSSe
CuIS,MoSSe
CuICl,MoSSe
CuISe,MoSSe
CuIBr,MoSSe
CuITe,MoSSe
CuII,MoSSe
ZnHH,MoSSe
ZnHN,MoSSe
ZnHO,MoSSe
ZnHF,MoSSe
ZnHS,MoSSe
ZnHCl,MoSSe
ZnHBr,MoSSe
ZnHI,MoSSe
ZnNH,MoSSe
ZnNN,MoSSe
ZnNO,MoSSe
ZnNF,MoSSe
ZnNS,MoSSe
ZnNCl,MoSSe
ZnNBr,MoSSe
ZnNI,MoSSe
ZnOH,MoSSe
ZnON,MoSSe
ZnOO,MoSSe
ZnOF,MoSSe
ZnOS,MoSSe
ZnOCl,MoSSe
ZnOBr,MoSSe
ZnOI,MoSSe
ZnFH,MoSSe
ZnFN,MoSSe
ZnFO,MoSSe
ZnFF,MoSSe
ZnFS,MoSSe
ZnFCl,MoSSe
ZnFBr,MoSSe
ZnFI,MoSSe
ZnSH,MoSSe
ZnSN,MoSSe
ZnSO,MoSSe
ZnSF,MoSSe
ZnSS,MoSSe
ZnSCl,MoSSe
ZnSBr,MoSSe
ZnSI,MoSSe
ZnClH,MoSSe
ZnClN,MoSSe
ZnClO,MoSSe
ZnClF,MoSSe
ZnClS,MoSSe
ZnClCl,MoSSe
ZnClBr,MoSSe
ZnClI,MoSSe
ZnBrH,MoSSe
ZnBrN,MoSSe
ZnBrO,MoSSe
ZnBrF,MoSSe
ZnBrS,MoSSe
ZnBrCl,MoSSe
ZnBrBr,MoSSe
ZnBrI,MoSSe
ZnIH,MoSSe
ZnIN,MoSSe
ZnIO,MoSSe
ZnIF,MoSSe
ZnIS,MoSSe
ZnICl,MoSSe
ZnIBr,MoSSe
ZnII,MoSSe
GaHH,MoSSe
GaHN,MoSSe
GaHO,MoSSe
GaHF,MoSSe
GaHS,MoSSe
GaHCl,MoSSe
GaHSe,MoSSe
GaHBr,MoSSe
GaHTe,MoSSe
GaHI,MoSSe
GaNH,MoSSe
GaNN,MoSSe
GaNO,MoSSe
GaNF,MoSSe
GaNS,MoSSe
GaNCl,MoSSe
GaNSe,MoSSe
GaNBr,MoSSe
GaNTe,MoSSe
GaNI,MoSSe
GaOH,MoSSe
GaON,MoSSe
GaOO,MoSSe
GaOF,MoSSe
GaOS,MoSSe
GaOCl,MoSSe
GaOSe,MoSSe
GaOBr,MoSSe
GaOTe,MoSSe
GaOI,MoSSe
GaFH,MoSSe
GaFN,MoSSe
GaFO,MoSSe
GaFF,MoSSe
GaFS,MoSSe
GaFCl,MoSSe
GaFSe,MoSSe
GaFBr,MoSSe
GaFTe,MoSSe
GaFI,MoSSe
GaSH,MoSSe
GaSN,MoSSe
GaSO,MoSSe
GaSF,MoSSe
GaSS,MoSSe
GaSCl,MoSSe
GaSSe,MoSSe
GaSBr,MoSSe
GaSTe,MoSSe
GaSI,MoSSe
GaClH,MoSSe
GaClN,MoSSe
GaClO,MoSSe
GaClF,MoSSe
GaClS,MoSSe
GaClCl,MoSSe
GaClSe,MoSSe
GaClBr,MoSSe
GaClTe,MoSSe
GaClI,MoSSe
GaSeH,MoSSe
GaSeN,MoSSe
GaSeO,MoSSe
GaSeF,MoSSe
GaSeS,MoSSe
GaSeCl,MoSSe
GaSeBr,MoSSe
GaSeI,MoSSe
GaBrH,MoSSe
GaBrN,MoSSe
GaBrO,MoSSe
GaBrF,MoSSe
GaBrS,MoSSe
GaBrCl,MoSSe
GaBrSe,MoSSe
GaBrBr,MoSSe
GaBrTe,MoSSe
GaBrI,MoSSe
GaTeH,MoSSe
GaTeN,MoSSe
GaTeO,MoSSe
GaTeF,MoSSe
GaTeS,MoSSe
GaTeCl,MoSSe
GaTeBr,MoSSe
GaTeI,MoSSe
GaIH,MoSSe
GaIN,MoSSe
GaIO,MoSSe
GaIF,MoSSe
GaIS,MoSSe
GaICl,MoSSe
GaISe,MoSSe
GaIBr,MoSSe
GaITe,MoSSe
GaII,MoSSe
GeHH,MoSSe
GeHN,MoSSe
GeHO,MoSSe
GeHF,MoSSe
GeHS,MoSSe
GeHCl,MoSSe
GeHSe,MoSSe
GeHBr,MoSSe
GeHTe,MoSSe
GeHI,MoSSe
GeNH,MoSSe
GeNN,MoSSe
GeNO,MoSSe
GeNF,MoSSe
GeNS,MoSSe
GeNCl,MoSSe
GeNSe,MoSSe
GeNBr,MoSSe
GeNTe,MoSSe
GeNI,MoSSe
GeOH,MoSSe
GeON,MoSSe
GeOO,MoSSe
GeOF,MoSSe
GeOS,MoSSe
GeOCl,MoSSe
GeOSe,MoSSe
GeOBr,MoSSe
GeOTe,MoSSe
GeOI,MoSSe
GeFH,MoSSe
GeFN,MoSSe
GeFO,MoSSe
GeFF,MoSSe
GeFS,MoSSe
GeFCl,MoSSe
GeFSe,MoSSe
GeFBr,MoSSe
GeFTe,MoSSe
GeFI,MoSSe
GeSH,MoSSe
GeSN,MoSSe
GeSO,MoSSe
GeSF,MoSSe
GeSS,MoSSe
GeSCl,MoSSe
GeSSe,MoSSe
GeSBr,MoSSe
GeSTe,MoSSe
GeSI,MoSSe
GeClH,MoSSe
GeClN,MoSSe
GeClO,MoSSe
GeClF,MoSSe
GeClS,MoSSe
GeClCl,MoSSe
GeClSe,MoSSe
GeClBr,MoSSe
GeClTe,MoSSe
GeClI,MoSSe
GeSeH,MoSSe
GeSeN,MoSSe
GeSeO,MoSSe
GeSeF,MoSSe
GeSeS,MoSSe
GeSeCl,MoSSe
GeSeSe,MoSSe
GeSeBr,MoSSe
GeSeTe,MoSSe
GeSeI,MoSSe
GeBrH,MoSSe
GeBrN,MoSSe
GeBrO,MoSSe
GeBrF,MoSSe
GeBrS,MoSSe
GeBrCl,MoSSe
GeBrSe,MoSSe
GeBrBr,MoSSe
GeBrTe,MoSSe
GeBrI,MoSSe
GeTeH,MoSSe
GeTeN,MoSSe
GeTeO,MoSSe
GeTeF,MoSSe
GeTeS,MoSSe
GeTeCl,MoSSe
GeTeSe,MoSSe
GeTeBr,MoSSe
GeTeTe,MoSSe
GeTeI,MoSSe
GeIH,MoSSe
GeIN,MoSSe
GeIO,MoSSe
GeIF,MoSSe
GeIS,MoSSe
GeICl,MoSSe
GeISe,MoSSe
GeIBr,MoSSe
GeITe,MoSSe
GeII,MoSSe
AsHH,MoSSe
AsHN,MoSSe
AsHO,MoSSe
AsHF,MoSSe
AsHS,MoSSe
AsHCl,MoSSe
AsHSe,MoSSe
AsHBr,MoSSe
AsHTe,MoSSe
AsHI,MoSSe
AsNH,MoSSe
AsNN,MoSSe
AsNO,MoSSe
AsNF,MoSSe
AsNS,MoSSe
AsNCl,MoSSe
AsNSe,MoSSe
AsNBr,MoSSe
AsNTe,MoSSe
AsNI,MoSSe
AsOH,MoSSe
AsON,MoSSe
AsOO,MoSSe
AsOF,MoSSe
AsOS,MoSSe
AsOCl,MoSSe
AsOSe,MoSSe
AsOBr,MoSSe
AsOTe,MoSSe
AsOI,MoSSe
AsFH,MoSSe
AsFN,MoSSe
AsFO,MoSSe
AsFF,MoSSe
AsFS,MoSSe
AsFCl,MoSSe
AsFSe,MoSSe
AsFBr,MoSSe
AsFTe,MoSSe
AsFI,MoSSe
AsSH,MoSSe
AsSN,MoSSe
AsSO,MoSSe
AsSF,MoSSe
AsSS,MoSSe
AsSCl,MoSSe
AsSSe,MoSSe
AsSBr,MoSSe
AsSTe,MoSSe
AsSI,MoSSe
AsClH,MoSSe
AsClN,MoSSe
AsClO,MoSSe
AsClF,MoSSe
AsClS,MoSSe
AsClCl,MoSSe
AsClSe,MoSSe
AsClBr,MoSSe
AsClTe,MoSSe
AsClI,MoSSe
AsSeH,MoSSe
AsSeN,MoSSe
AsSeO,MoSSe
AsSeF,MoSSe
AsSeS,MoSSe
AsSeCl,MoSSe
AsSeBr,MoSSe
AsSeI,MoSSe
AsBrH,MoSSe
AsBrN,MoSSe
AsBrO,MoSSe
AsBrF,MoSSe
AsBrS,MoSSe
AsBrCl,MoSSe
AsBrSe,MoSSe
AsBrBr,MoSSe
AsBrTe,MoSSe
AsBrI,MoSSe
AsTeH,MoSSe
AsTeN,MoSSe
AsTeO,MoSSe
AsTeF,MoSSe
AsTeS,MoSSe
AsTeCl,MoSSe
AsTeBr,MoSSe
AsTeI,MoSSe
AsIH,MoSSe
AsIN,MoSSe
AsIO,MoSSe
AsIF,MoSSe
AsIS,MoSSe
AsICl,MoSSe
AsISe,MoSSe
AsIBr,MoSSe
AsITe,MoSSe
AsII,MoSSe
SrHH,MoSSe
SrHN,MoSSe
SrHO,MoSSe
SrHF,MoSSe
SrHS,MoSSe
SrHCl,MoSSe
SrHBr,MoSSe
SrHI,MoSSe
SrNH,MoSSe
SrNN,MoSSe
SrNO,MoSSe
SrNF,MoSSe
SrNS,MoSSe
SrNCl,MoSSe
SrNBr,MoSSe
SrNI,MoSSe
SrOH,MoSSe
SrON,MoSSe
SrOO,MoSSe
SrOF,MoSSe
SrOS,MoSSe
SrOCl,MoSSe
SrOBr,MoSSe
SrOI,MoSSe
SrFH,MoSSe
SrFN,MoSSe
SrFO,MoSSe
SrFF,MoSSe
SrFS,MoSSe
SrFCl,MoSSe
SrFBr,MoSSe
SrFI,MoSSe
SrSH,MoSSe
SrSN,MoSSe
SrSO,MoSSe
SrSF,MoSSe
SrSS,MoSSe
SrSCl,MoSSe
SrSBr,MoSSe
SrSI,MoSSe
SrClH,MoSSe
SrClN,MoSSe
SrClO,MoSSe
SrClF,MoSSe
SrClS,MoSSe
SrClCl,MoSSe
SrClBr,MoSSe
SrClI,MoSSe
SrBrH,MoSSe
SrBrN,MoSSe
SrBrO,MoSSe
SrBrF,MoSSe
SrBrS,MoSSe
SrBrCl,MoSSe
SrBrBr,MoSSe
SrBrI,MoSSe
SrIH,MoSSe
SrIN,MoSSe
SrIO,MoSSe
SrIF,MoSSe
SrIS,MoSSe
SrICl,MoSSe
SrIBr,MoSSe
SrII,MoSSe
YHN,MoSSe
YHO,MoSSe
YHS,MoSSe
YHSe,MoSSe
YHTe,MoSSe
YNH,MoSSe
YNN,MoSSe
YNO,MoSSe
YNF,MoSSe
YNS,MoSSe
YNCl,MoSSe
YNSe,MoSSe
YNBr,MoSSe
YNTe,MoSSe
YNI,MoSSe
YOH,MoSSe
YON,MoSSe
YOO,MoSSe
YOF,MoSSe
YOS,MoSSe
YOCl,MoSSe
YOSe,MoSSe
YOBr,MoSSe
YOTe,MoSSe
YOI,MoSSe
YFN,MoSSe
YFO,MoSSe
YFS,MoSSe
YFSe,MoSSe
YFTe,MoSSe
YSH,MoSSe
YSN,MoSSe
YSO,MoSSe
YSF,MoSSe
YSS,MoSSe
YSCl,MoSSe
YSSe,MoSSe
YSBr,MoSSe
YSTe,MoSSe
YSI,MoSSe
YClN,MoSSe
YClO,MoSSe
YClS,MoSSe
YClSe,MoSSe
YClTe,MoSSe
YSeH,MoSSe
YSeN,MoSSe
YSeO,MoSSe
YSeF,MoSSe
YSeS,MoSSe
YSeCl,MoSSe
YSeBr,MoSSe
YSeI,MoSSe
YBrN,MoSSe
YBrO,MoSSe
YBrS,MoSSe
YBrSe,MoSSe
YBrTe,MoSSe
YTeH,MoSSe
YTeN,MoSSe
YTeO,MoSSe
YTeF,MoSSe
YTeS,MoSSe
YTeCl,MoSSe
YTeBr,MoSSe
YTeI,MoSSe
YIN,MoSSe
YIO,MoSSe
YIS,MoSSe
YISe,MoSSe
YITe,MoSSe
ZrHH,MoSSe
ZrHN,MoSSe
ZrHO,MoSSe
ZrHF,MoSSe
ZrHS,MoSSe
ZrHCl,MoSSe
ZrHSe,MoSSe
ZrHBr,MoSSe
ZrHTe,MoSSe
ZrHI,MoSSe
ZrNH,MoSSe
ZrNN,MoSSe
ZrNO,MoSSe
ZrNF,MoSSe
ZrNS,MoSSe
ZrNCl,MoSSe
ZrNSe,MoSSe
ZrNBr,MoSSe
ZrNTe,MoSSe
ZrNI,MoSSe
ZrOH,MoSSe
ZrON,MoSSe
ZrOO,MoSSe
ZrOF,MoSSe
ZrOS,MoSSe
ZrOCl,MoSSe
ZrOSe,MoSSe
ZrOBr,MoSSe
ZrOTe,MoSSe
ZrOI,MoSSe
ZrFH,MoSSe
ZrFN,MoSSe
ZrFO,MoSSe
ZrFF,MoSSe
ZrFS,MoSSe
ZrFCl,MoSSe
ZrFSe,MoSSe
ZrFBr,MoSSe
ZrFTe,MoSSe
ZrFI,MoSSe
ZrSH,MoSSe
ZrSN,MoSSe
ZrSO,MoSSe
ZrSF,MoSSe
ZrSS,MoSSe
ZrSCl,MoSSe
ZrSSe,MoSSe
ZrSBr,MoSSe
ZrSTe,MoSSe
ZrSI,MoSSe
ZrClH,MoSSe
ZrClN,MoSSe
ZrClO,MoSSe
ZrClF,MoSSe
ZrClS,MoSSe
ZrClCl,MoSSe
ZrClSe,MoSSe
ZrClBr,MoSSe
ZrClTe,MoSSe
ZrClI,MoSSe
ZrSeH,MoSSe
ZrSeN,MoSSe
ZrSeO,MoSSe
ZrSeF,MoSSe
ZrSeS,MoSSe
ZrSeCl,MoSSe
ZrSeSe,MoSSe
ZrSeBr,MoSSe
ZrSeTe,MoSSe
ZrSeI,MoSSe
ZrBrH,MoSSe
ZrBrN,MoSSe
ZrBrO,MoSSe
ZrBrF,MoSSe
ZrBrS,MoSSe
ZrBrCl,MoSSe
ZrBrSe,MoSSe
ZrBrBr,MoSSe
ZrBrTe,MoSSe
ZrBrI,MoSSe
ZrTeH,MoSSe
ZrTeN,MoSSe
ZrTeO,MoSSe
ZrTeF,MoSSe
ZrTeS,MoSSe
ZrTeCl,MoSSe
ZrTeSe,MoSSe
ZrTeBr,MoSSe
ZrTeTe,MoSSe
ZrTeI,MoSSe
ZrIH,MoSSe
ZrIN,MoSSe
ZrIO,MoSSe
ZrIF,MoSSe
ZrIS,MoSSe
ZrICl,MoSSe
ZrISe,MoSSe
ZrIBr,MoSSe
ZrITe,MoSSe
ZrII,MoSSe
NbHH,MoSSe
NbHN,MoSSe
NbHO,MoSSe
NbHF,MoSSe
NbHS,MoSSe
NbHCl,MoSSe
NbHSe,MoSSe
NbHBr,MoSSe
NbHTe,MoSSe
NbHI,MoSSe
NbNH,MoSSe
NbNN,MoSSe
NbNO,MoSSe
NbNF,MoSSe
NbNS,MoSSe
NbNCl,MoSSe
NbNSe,MoSSe
NbNBr,MoSSe
NbNTe,MoSSe
NbNI,MoSSe
NbOH,MoSSe
NbON,MoSSe
NbOO,MoSSe
NbOF,MoSSe
NbOS,MoSSe
NbOCl,MoSSe
NbOSe,MoSSe
NbOBr,MoSSe
NbOTe,MoSSe
NbOI,MoSSe
NbFH,MoSSe
NbFN,MoSSe
NbFO,MoSSe
NbFF,MoSSe
NbFS,MoSSe
NbFCl,MoSSe
NbFSe,MoSSe
NbFBr,MoSSe
NbFTe,MoSSe
NbFI,MoSSe
NbSH,MoSSe
NbSN,MoSSe
NbSO,MoSSe
NbSF,MoSSe
NbSS,MoSSe
NbSCl,MoSSe
NbSSe,MoSSe
NbSBr,MoSSe
NbSTe,MoSSe
NbSI,MoSSe
NbClH,MoSSe
NbClN,MoSSe
NbClO,MoSSe
NbClF,MoSSe
NbClS,MoSSe
NbClCl,MoSSe
NbClSe,MoSSe
NbClBr,MoSSe
NbClTe,MoSSe
NbClI,MoSSe
NbSeH,MoSSe
NbSeN,MoSSe
NbSeO,MoSSe
NbSeF,MoSSe
NbSeS,MoSSe
NbSeCl,MoSSe
NbSeSe,MoSSe
NbSeBr,MoSSe
NbSeTe,MoSSe
NbSeI,MoSSe
NbBrH,MoSSe
NbBrN,MoSSe
NbBrO,MoSSe
NbBrF,MoSSe
NbBrS,MoSSe
NbBrCl,MoSSe
NbBrSe,MoSSe
NbBrBr,MoSSe
NbBrTe,MoSSe
NbBrI,MoSSe
NbTeH,MoSSe
NbTeN,MoSSe
NbTeO,MoSSe
NbTeF,MoSSe
NbTeS,MoSSe
NbTeCl,MoSSe
NbTeSe,MoSSe
NbTeBr,MoSSe
NbTeTe,MoSSe
NbTeI,MoSSe
NbIH,MoSSe
NbIN,MoSSe
NbIO,MoSSe
NbIF,MoSSe
NbIS,MoSSe
NbICl,MoSSe
NbISe,MoSSe
NbIBr,MoSSe
NbITe,MoSSe
NbII,MoSSe
MoHH,MoSSe
MoHN,MoSSe
MoHO,MoSSe
MoHF,MoSSe
MoHS,MoSSe
MoHCl,MoSSe
MoHSe,MoSSe
MoHBr,MoSSe
MoHTe,MoSSe
MoHI,MoSSe
MoNH,MoSSe
MoNN,MoSSe
MoNO,MoSSe
MoNF,MoSSe
MoNS,MoSSe
MoNCl,MoSSe
MoNSe,MoSSe
MoNBr,MoSSe
MoNTe,MoSSe
MoNI,MoSSe
MoOH,MoSSe
MoON,MoSSe
MoOO,MoSSe
MoOF,MoSSe
MoOS,MoSSe
MoOCl,MoSSe
MoOSe,MoSSe
MoOBr,MoSSe
MoOTe,MoSSe
MoOI,MoSSe
MoFH,MoSSe
MoFN,MoSSe
MoFO,MoSSe
MoFF,MoSSe
MoFS,MoSSe
MoFCl,MoSSe
MoFSe,MoSSe
MoFBr,MoSSe
MoFTe,MoSSe
MoFI,MoSSe
MoSH,MoSSe
MoSN,MoSSe
MoSO,MoSSe
MoSF,MoSSe
MoSS,MoSSe
MoSCl,MoSSe
MoSSe,MoSSe
MoSBr,MoSSe
MoSTe,MoSSe
MoSI,MoSSe
MoClH,MoSSe
MoClN,MoSSe
MoClO,MoSSe
MoClF,MoSSe
MoClS,MoSSe
MoClCl,MoSSe
MoClSe,MoSSe
MoClBr,MoSSe
MoClTe,MoSSe
MoClI,MoSSe
MoSeH,MoSSe
MoSeN,MoSSe
MoSeO,MoSSe
MoSeF,MoSSe
MoSeS,MoSSe
MoSeCl,MoSSe
MoSeSe,MoSSe
MoSeBr,MoSSe
MoSeTe,MoSSe
MoSeI,MoSSe
MoBrH,MoSSe
MoBrN,MoSSe
MoBrO,MoSSe
MoBrF,MoSSe
MoBrS,MoSSe
MoBrCl,MoSSe
MoBrSe,MoSSe
MoBrBr,MoSSe
MoBrTe,MoSSe
MoBrI,MoSSe
MoTeH,MoSSe
MoTeN,MoSSe
MoTeO,MoSSe
MoTeF,MoSSe
MoTeS,MoSSe
MoTeCl,MoSSe
MoTeSe,MoSSe
MoTeBr,MoSSe
MoTeTe,MoSSe
MoTeI,MoSSe
MoIH,MoSSe
MoIN,MoSSe
MoIO,MoSSe
MoIF,MoSSe
MoIS,MoSSe
MoICl,MoSSe
MoISe,MoSSe
MoIBr,MoSSe
MoITe,MoSSe
MoII,MoSSe
RuHH,MoSSe
RuHN,MoSSe
RuHO,MoSSe
RuHF,MoSSe
RuHS,MoSSe
RuHCl,MoSSe
RuHSe,MoSSe
RuHBr,MoSSe
RuHTe,MoSSe
RuHI,MoSSe
RuNH,MoSSe
RuNN,MoSSe
RuNO,MoSSe
RuNF,MoSSe
RuNS,MoSSe
RuNCl,MoSSe
RuNSe,MoSSe
RuNBr,MoSSe
RuNTe,MoSSe
RuNI,MoSSe
RuOH,MoSSe
RuON,MoSSe
RuOO,MoSSe
RuOF,MoSSe
RuOS,MoSSe
RuOCl,MoSSe
RuOSe,MoSSe
RuOBr,MoSSe
RuOTe,MoSSe
RuOI,MoSSe
RuFH,MoSSe
RuFN,MoSSe
RuFO,MoSSe
RuFF,MoSSe
RuFS,MoSSe
RuFCl,MoSSe
RuFSe,MoSSe
RuFBr,MoSSe
RuFTe,MoSSe
RuFI,MoSSe
RuSH,MoSSe
RuSN,MoSSe
RuSO,MoSSe
RuSF,MoSSe
RuSS,MoSSe
RuSCl,MoSSe
RuSSe,MoSSe
RuSBr,MoSSe
RuSTe,MoSSe
RuSI,MoSSe
RuClH,MoSSe
RuClN,MoSSe
RuClO,MoSSe
RuClF,MoSSe
RuClS,MoSSe
RuClCl,MoSSe
RuClSe,MoSSe
RuClBr,MoSSe
RuClTe,MoSSe
RuClI,MoSSe
RuSeH,MoSSe
RuSeN,MoSSe
RuSeO,MoSSe
RuSeF,MoSSe
RuSeS,MoSSe
RuSeCl,MoSSe
RuSeSe,MoSSe
RuSeBr,MoSSe
RuSeTe,MoSSe
RuSeI,MoSSe
RuBrH,MoSSe
RuBrN,MoSSe
RuBrO,MoSSe
RuBrF,MoSSe
RuBrS,MoSSe
RuBrCl,MoSSe
RuBrSe,MoSSe
RuBrBr,MoSSe
RuBrTe,MoSSe
RuBrI,MoSSe
RuTeH,MoSSe
RuTeN,MoSSe
RuTeO,MoSSe
RuTeF,MoSSe
RuTeS,MoSSe
RuTeCl,MoSSe
RuTeSe,MoSSe
RuTeBr,MoSSe
RuTeTe,MoSSe
RuTeI,MoSSe
RuIH,MoSSe
RuIN,MoSSe
RuIO,MoSSe
RuIF,MoSSe
RuIS,MoSSe
RuICl,MoSSe
RuISe,MoSSe
RuIBr,MoSSe
RuITe,MoSSe
RuII,MoSSe
RhHH,MoSSe
RhHN,MoSSe
RhHO,MoSSe
RhHF,MoSSe
RhHS,MoSSe
RhHCl,MoSSe
RhHSe,MoSSe
RhHBr,MoSSe
RhHTe,MoSSe
RhHI,MoSSe
RhNH,MoSSe
RhNN,MoSSe
RhNO,MoSSe
RhNF,MoSSe
RhNS,MoSSe
RhNCl,MoSSe
RhNSe,MoSSe
RhNBr,MoSSe
RhNTe,MoSSe
RhNI,MoSSe
RhOH,MoSSe
RhON,MoSSe
RhOO,MoSSe
RhOF,MoSSe
RhOS,MoSSe
RhOCl,MoSSe
RhOSe,MoSSe
RhOBr,MoSSe
RhOTe,MoSSe
RhOI,MoSSe
RhFH,MoSSe
RhFN,MoSSe
RhFO,MoSSe
RhFF,MoSSe
RhFS,MoSSe
RhFCl,MoSSe
RhFSe,MoSSe
RhFBr,MoSSe
RhFTe,MoSSe
RhFI,MoSSe
RhSH,MoSSe
RhSN,MoSSe
RhSO,MoSSe
RhSF,MoSSe
RhSS,MoSSe
RhSCl,MoSSe
RhSSe,MoSSe
RhSBr,MoSSe
RhSTe,MoSSe
RhSI,MoSSe
RhClH,MoSSe
RhClN,MoSSe
RhClO,MoSSe
RhClF,MoSSe
RhClS,MoSSe
RhClCl,MoSSe
RhClSe,MoSSe
RhClBr,MoSSe
RhClTe,MoSSe
RhClI,MoSSe
RhSeH,MoSSe
RhSeN,MoSSe
RhSeO,MoSSe
RhSeF,MoSSe
RhSeS,MoSSe
RhSeCl,MoSSe
RhSeSe,MoSSe
RhSeBr,MoSSe
RhSeTe,MoSSe
RhSeI,MoSSe
RhBrH,MoSSe
RhBrN,MoSSe
RhBrO,MoSSe
RhBrF,MoSSe
RhBrS,MoSSe
RhBrCl,MoSSe
RhBrSe,MoSSe
RhBrBr,MoSSe
RhBrTe,MoSSe
RhBrI,MoSSe
RhTeH,MoSSe
RhTeN,MoSSe
RhTeO,MoSSe
RhTeF,MoSSe
RhTeS,MoSSe
RhTeCl,MoSSe
RhTeSe,MoSSe
RhTeBr,MoSSe
RhTeTe,MoSSe
RhTeI,MoSSe
RhIH,MoSSe
RhIN,MoSSe
RhIO,MoSSe
RhIF,MoSSe
RhIS,MoSSe
RhICl,MoSSe
RhISe,MoSSe
RhIBr,MoSSe
RhITe,MoSSe
RhII,MoSSe
PdHH,MoSSe
PdHN,MoSSe
PdHO,MoSSe
PdHF,MoSSe
PdHS,MoSSe
PdHCl,MoSSe
PdHBr,MoSSe
PdHI,MoSSe
PdNH,MoSSe
PdNN,MoSSe
PdNO,MoSSe
PdNF,MoSSe
PdNS,MoSSe
PdNCl,MoSSe
PdNSe,MoSSe
PdNBr,MoSSe
PdNTe,MoSSe
PdNI,MoSSe
PdOH,MoSSe
PdON,MoSSe
PdOO,MoSSe
PdOF,MoSSe
PdOS,MoSSe
PdOCl,MoSSe
PdOSe,MoSSe
PdOBr,MoSSe
PdOTe,MoSSe
PdOI,MoSSe
PdFH,MoSSe
PdFN,MoSSe
PdFO,MoSSe
PdFF,MoSSe
PdFS,MoSSe
PdFCl,MoSSe
PdFBr,MoSSe
PdFI,MoSSe
PdSH,MoSSe
PdSN,MoSSe
PdSO,MoSSe
PdSF,MoSSe
PdSS,MoSSe
PdSCl,MoSSe
PdSSe,MoSSe
PdSBr,MoSSe
PdSTe,MoSSe
PdSI,MoSSe
PdClH,MoSSe
PdClN,MoSSe
PdClO,MoSSe
PdClF,MoSSe
PdClS,MoSSe
PdClCl,MoSSe
PdClBr,MoSSe
PdClI,MoSSe
PdSeN,MoSSe
PdSeO,MoSSe
PdSeS,MoSSe
PdSeSe,MoSSe
PdSeTe,MoSSe
PdBrH,MoSSe
PdBrN,MoSSe
PdBrO,MoSSe
PdBrF,MoSSe
PdBrS,MoSSe
PdBrCl,MoSSe
PdBrBr,MoSSe
PdBrI,MoSSe
PdTeN,MoSSe
PdTeO,MoSSe
PdTeS,MoSSe
PdTeSe,MoSSe
PdTeTe,MoSSe
PdIH,MoSSe
PdIN,MoSSe
PdIO,MoSSe
PdIF,MoSSe
PdIS,MoSSe
PdICl,MoSSe
PdIBr,MoSSe
PdII,MoSSe
AgHH,MoSSe
AgHN,MoSSe
AgHO,MoSSe
AgHF,MoSSe
AgHS,MoSSe
AgHCl,MoSSe
AgHSe,MoSSe
AgHBr,MoSSe
AgHTe,MoSSe
AgHI,MoSSe
AgNH,MoSSe
AgNN,MoSSe
AgNO,MoSSe
AgNF,MoSSe
AgNS,MoSSe
AgNCl,MoSSe
AgNSe,MoSSe
AgNBr,MoSSe
AgNTe,MoSSe
AgNI,MoSSe
AgOH,MoSSe
AgON,MoSSe
AgOO,MoSSe
AgOF,MoSSe
AgOS,MoSSe
AgOCl,MoSSe
AgOSe,MoSSe
AgOBr,MoSSe
AgOTe,MoSSe
AgOI,MoSSe
AgFH,MoSSe
AgFN,MoSSe
AgFO,MoSSe
AgFF,MoSSe
AgFS,MoSSe
AgFCl,MoSSe
AgFSe,MoSSe
AgFBr,MoSSe
AgFTe,MoSSe
AgFI,MoSSe
AgSH,MoSSe
AgSN,MoSSe
AgSO,MoSSe
AgSF,MoSSe
AgSS,MoSSe
AgSCl,MoSSe
AgSSe,MoSSe
AgSBr,MoSSe
AgSTe,MoSSe
AgSI,MoSSe
AgClH,MoSSe
AgClN,MoSSe
AgClO,MoSSe
AgClF,MoSSe
AgClS,MoSSe
AgClCl,MoSSe
AgClSe,MoSSe
AgClBr,MoSSe
AgClTe,MoSSe
AgClI,MoSSe
AgSeH,MoSSe
AgSeN,MoSSe
AgSeO,MoSSe
AgSeF,MoSSe
AgSeS,MoSSe
AgSeCl,MoSSe
AgSeBr,MoSSe
AgSeI,MoSSe
AgBrH,MoSSe
AgBrN,MoSSe
AgBrO,MoSSe
AgBrF,MoSSe
AgBrS,MoSSe
AgBrCl,MoSSe
AgBrSe,MoSSe
AgBrBr,MoSSe
AgBrTe,MoSSe
AgBrI,MoSSe
AgTeH,MoSSe
AgTeN,MoSSe
AgTeO,MoSSe
AgTeF,MoSSe
AgTeS,MoSSe
AgTeCl,MoSSe
AgTeBr,MoSSe
AgTeI,MoSSe
AgIH,MoSSe
AgIN,MoSSe
AgIO,MoSSe
AgIF,MoSSe
AgIS,MoSSe
AgICl,MoSSe
AgISe,MoSSe
AgIBr,MoSSe
AgITe,MoSSe
AgII,MoSSe
CdHH,MoSSe
CdHN,MoSSe
CdHO,MoSSe
CdHF,MoSSe
CdHS,MoSSe
CdHCl,MoSSe
CdHBr,MoSSe
CdHI,MoSSe
CdNH,MoSSe
CdNN,MoSSe
CdNO,MoSSe
CdNF,MoSSe
CdNS,MoSSe
CdNCl,MoSSe
CdNBr,MoSSe
CdNI,MoSSe
CdOH,MoSSe
CdON,MoSSe
CdOO,MoSSe
CdOF,MoSSe
CdOS,MoSSe
CdOCl,MoSSe
CdOBr,MoSSe
CdOI,MoSSe
CdFH,MoSSe
CdFN,MoSSe
CdFO,MoSSe
CdFF,MoSSe
CdFS,MoSSe
CdFCl,MoSSe
CdFBr,MoSSe
CdFI,MoSSe
CdSH,MoSSe
CdSN,MoSSe
CdSO,MoSSe
CdSF,MoSSe
CdSS,MoSSe
CdSCl,MoSSe
CdSBr,MoSSe
CdSI,MoSSe
CdClH,MoSSe
CdClN,MoSSe
CdClO,MoSSe
CdClF,MoSSe
CdClS,MoSSe
CdClCl,MoSSe
CdClBr,MoSSe
CdClI,MoSSe
CdBrH,MoSSe
CdBrN,MoSSe
CdBrO,MoSSe
CdBrF,MoSSe
CdBrS,MoSSe
CdBrCl,MoSSe
CdBrBr,MoSSe
CdBrI,MoSSe
CdIH,MoSSe
CdIN,MoSSe
CdIO,MoSSe
CdIF,MoSSe
CdIS,MoSSe
CdICl,MoSSe
CdIBr,MoSSe
CdII,MoSSe
InHH,MoSSe
InHN,MoSSe
InHO,MoSSe
InHF,MoSSe
InHS,MoSSe
InHCl,MoSSe
InHSe,MoSSe
InHBr,MoSSe
InHTe,MoSSe
InHI,MoSSe
InNH,MoSSe
InNN,MoSSe
InNO,MoSSe
InNF,MoSSe
InNS,MoSSe
InNCl,MoSSe
InNSe,MoSSe
InNBr,MoSSe
InNTe,MoSSe
InNI,MoSSe
InOH,MoSSe
InON,MoSSe
InOO,MoSSe
InOF,MoSSe
InOS,MoSSe
InOCl,MoSSe
InOSe,MoSSe
InOBr,MoSSe
InOTe,MoSSe
InOI,MoSSe
InFH,MoSSe
InFN,MoSSe
InFO,MoSSe
InFF,MoSSe
InFS,MoSSe
InFCl,MoSSe
InFSe,MoSSe
InFBr,MoSSe
InFTe,MoSSe
InFI,MoSSe
InSH,MoSSe
InSN,MoSSe
InSO,MoSSe
InSF,MoSSe
InSS,MoSSe
InSCl,MoSSe
InSSe,MoSSe
InSBr,MoSSe
InSTe,MoSSe
InSI,MoSSe
InClH,MoSSe
InClN,MoSSe
InClO,MoSSe
InClF,MoSSe
InClS,MoSSe
InClCl,MoSSe
InClSe,MoSSe
InClBr,MoSSe
InClTe,MoSSe
InClI,MoSSe
InSeH,MoSSe
InSeN,MoSSe
InSeO,MoSSe
InSeF,MoSSe
InSeS,MoSSe
InSeCl,MoSSe
InSeBr,MoSSe
InSeI,MoSSe
InBrH,MoSSe
InBrN,MoSSe
InBrO,MoSSe
InBrF,MoSSe
InBrS,MoSSe
InBrCl,MoSSe
InBrSe,MoSSe
InBrBr,MoSSe
InBrTe,MoSSe
InBrI,MoSSe
InTeH,MoSSe
InTeN,MoSSe
InTeO,MoSSe
InTeF,MoSSe
InTeS,MoSSe
InTeCl,MoSSe
InTeBr,MoSSe
InTeI,MoSSe
InIH,MoSSe
InIN,MoSSe
InIO,MoSSe
InIF,MoSSe
InIS,MoSSe
InICl,MoSSe
InISe,MoSSe
InIBr,MoSSe
InITe,MoSSe
InII,MoSSe
SnHH,MoSSe
SnHN,MoSSe
SnHO,MoSSe
SnHF,MoSSe
SnHS,MoSSe
SnHCl,MoSSe
SnHBr,MoSSe
SnHI,MoSSe
SnNH,MoSSe
SnNN,MoSSe
SnNO,MoSSe
SnNF,MoSSe
SnNS,MoSSe
SnNCl,MoSSe
SnNSe,MoSSe
SnNBr,MoSSe
SnNTe,MoSSe
SnNI,MoSSe
SnOH,MoSSe
SnON,MoSSe
SnOO,MoSSe
SnOF,MoSSe
SnOS,MoSSe
SnOCl,MoSSe
SnOSe,MoSSe
SnOBr,MoSSe
SnOTe,MoSSe
SnOI,MoSSe
SnFH,MoSSe
SnFN,MoSSe
SnFO,MoSSe
SnFF,MoSSe
SnFS,MoSSe
SnFCl,MoSSe
SnFBr,MoSSe
SnFI,MoSSe
SnSH,MoSSe
SnSN,MoSSe
SnSO,MoSSe
SnSF,MoSSe
SnSS,MoSSe
SnSCl,MoSSe
SnSSe,MoSSe
SnSBr,MoSSe
SnSTe,MoSSe
SnSI,MoSSe
SnClH,MoSSe
SnClN,MoSSe
SnClO,MoSSe
SnClF,MoSSe
SnClS,MoSSe
SnClCl,MoSSe
SnClBr,MoSSe
SnClI,MoSSe
SnSeN,MoSSe
SnSeO,MoSSe
SnSeS,MoSSe
SnSeSe,MoSSe
SnSeTe,MoSSe
SnBrH,MoSSe
SnBrN,MoSSe
SnBrO,MoSSe
SnBrF,MoSSe
SnBrS,MoSSe
SnBrCl,MoSSe
SnBrBr,MoSSe
SnBrI,MoSSe
SnTeN,MoSSe
SnTeO,MoSSe
SnTeS,MoSSe
SnTeSe,MoSSe
SnTeTe,MoSSe
SnIH,MoSSe
SnIN,MoSSe
SnIO,MoSSe
SnIF,MoSSe
SnIS,MoSSe
SnICl,MoSSe
SnIBr,MoSSe
SnII,MoSSe
SbHN,MoSSe
SbHO,MoSSe
SbHS,MoSSe
SbHSe,MoSSe
SbHTe,MoSSe
SbNH,MoSSe
SbNN,MoSSe
SbNO,MoSSe
SbNF,MoSSe
SbNS,MoSSe
SbNCl,MoSSe
SbNSe,MoSSe
SbNBr,MoSSe
SbNTe,MoSSe
SbNI,MoSSe
SbOH,MoSSe
SbON,MoSSe
SbOO,MoSSe
SbOF,MoSSe
SbOS,MoSSe
SbOCl,MoSSe
SbOSe,MoSSe
SbOBr,MoSSe
SbOTe,MoSSe
SbOI,MoSSe
SbFN,MoSSe
SbFO,MoSSe
SbFS,MoSSe
SbFSe,MoSSe
SbFTe,MoSSe
SbSH,MoSSe
SbSN,MoSSe
SbSO,MoSSe
SbSF,MoSSe
SbSS,MoSSe
SbSCl,MoSSe
SbSSe,MoSSe
SbSBr,MoSSe
SbSTe,MoSSe
SbSI,MoSSe
SbClN,MoSSe
SbClO,MoSSe
SbClS,MoSSe
SbClSe,MoSSe
SbClTe,MoSSe
SbSeH,MoSSe
SbSeN,MoSSe
SbSeO,MoSSe
SbSeF,MoSSe
SbSeS,MoSSe
SbSeCl,MoSSe
SbSeBr,MoSSe
SbSeI,MoSSe
SbBrN,MoSSe
SbBrO,MoSSe
SbBrS,MoSSe
SbBrSe,MoSSe
SbBrTe,MoSSe
SbTeH,MoSSe
SbTeN,MoSSe
SbTeO,MoSSe
SbTeF,MoSSe
SbTeS,MoSSe
SbTeCl,MoSSe
SbTeBr,MoSSe
SbTeI,MoSSe
SbIN,MoSSe
SbIO,MoSSe
SbIS,MoSSe
SbISe,MoSSe
SbITe,MoSSe
BaHH,MoSSe
BaHN,MoSSe
BaHO,MoSSe
BaHF,MoSSe
BaHS,MoSSe
BaHCl,MoSSe
BaHBr,MoSSe
BaHI,MoSSe
BaNH,MoSSe
BaNN,MoSSe
BaNO,MoSSe
BaNF,MoSSe
BaNS,MoSSe
BaNCl,MoSSe
BaNBr,MoSSe
BaNI,MoSSe
BaOH,MoSSe
BaON,MoSSe
BaOO,MoSSe
BaOF,MoSSe
BaOS,MoSSe
BaOCl,MoSSe
BaOBr,MoSSe
BaOI,MoSSe
BaFH,MoSSe
BaFN,MoSSe
BaFO,MoSSe
BaFF,MoSSe
BaFS,MoSSe
BaFCl,MoSSe
BaFBr,MoSSe
BaFI,MoSSe
BaSH,MoSSe
BaSN,MoSSe
BaSO,MoSSe
BaSF,MoSSe
BaSS,MoSSe
BaSCl,MoSSe
BaSBr,MoSSe
BaSI,MoSSe
BaClH,MoSSe
BaClN,MoSSe
BaClO,MoSSe
BaClF,MoSSe
BaClS,MoSSe
BaClCl,MoSSe
BaClBr,MoSSe
BaClI,MoSSe
BaBrH,MoSSe
BaBrN,MoSSe
BaBrO,MoSSe
BaBrF,MoSSe
BaBrS,MoSSe
BaBrCl,MoSSe
BaBrBr,MoSSe
BaBrI,MoSSe
BaIH,MoSSe
BaIN,MoSSe
BaIO,MoSSe
BaIF,MoSSe
BaIS,MoSSe
BaICl,MoSSe
BaIBr,MoSSe
BaII,MoSSe
HfHH,MoSSe
HfHN,MoSSe
HfHO,MoSSe
HfHF,MoSSe
HfHS,MoSSe
HfHCl,MoSSe
HfHSe,MoSSe
HfHBr,MoSSe
HfHTe,MoSSe
HfHI,MoSSe
HfNH,MoSSe
HfNN,MoSSe
HfNO,MoSSe
HfNF,MoSSe
HfNS,MoSSe
HfNCl,MoSSe
HfNSe,MoSSe
HfNBr,MoSSe
HfNTe,MoSSe
HfNI,MoSSe
HfOH,MoSSe
HfON,MoSSe
HfOO,MoSSe
HfOF,MoSSe
HfOS,MoSSe
HfOCl,MoSSe
HfOSe,MoSSe
HfOBr,MoSSe
HfOTe,MoSSe
HfOI,MoSSe
HfFH,MoSSe
HfFN,MoSSe
HfFO,MoSSe
HfFF,MoSSe
HfFS,MoSSe
HfFCl,MoSSe
HfFSe,MoSSe
HfFBr,MoSSe
HfFTe,MoSSe
HfFI,MoSSe
HfSH,MoSSe
HfSN,MoSSe
HfSO,MoSSe
HfSF,MoSSe
HfSS,MoSSe
HfSCl,MoSSe
HfSSe,MoSSe
HfSBr,MoSSe
HfSTe,MoSSe
HfSI,MoSSe
HfClH,MoSSe
HfClN,MoSSe
HfClO,MoSSe
HfClF,MoSSe
HfClS,MoSSe
HfClCl,MoSSe
HfClSe,MoSSe
HfClBr,MoSSe
HfClTe,MoSSe
HfClI,MoSSe
HfSeH,MoSSe
HfSeN,MoSSe
HfSeO,MoSSe
HfSeF,MoSSe
HfSeS,MoSSe
HfSeCl,MoSSe
HfSeSe,MoSSe
HfSeBr,MoSSe
HfSeTe,MoSSe
HfSeI,MoSSe
HfBrH,MoSSe
HfBrN,MoSSe
HfBrO,MoSSe
HfBrF,MoSSe
HfBrS,MoSSe
HfBrCl,MoSSe
HfBrSe,MoSSe
HfBrBr,MoSSe
HfBrTe,MoSSe
HfBrI,MoSSe
HfTeH,MoSSe
HfTeN,MoSSe
HfTeO,MoSSe
HfTeF,MoSSe
HfTeS,MoSSe
HfTeCl,MoSSe
HfTeSe,MoSSe
HfTeBr,MoSSe
HfTeTe,MoSSe
HfTeI,MoSSe
HfIH,MoSSe
HfIN,MoSSe
HfIO,MoSSe
HfIF,MoSSe
HfIS,MoSSe
HfICl,MoSSe
HfISe,MoSSe
HfIBr,MoSSe
HfITe,MoSSe
HfII,MoSSe
TaHH,MoSSe
TaHN,MoSSe
TaHO,MoSSe
TaHF,MoSSe
TaHS,MoSSe
TaHCl,MoSSe
TaHSe,MoSSe
TaHBr,MoSSe
TaHTe,MoSSe
TaHI,MoSSe
TaNH,MoSSe
TaNN,MoSSe
TaNO,MoSSe
TaNF,MoSSe
TaNS,MoSSe
TaNCl,MoSSe
TaNSe,MoSSe
TaNBr,MoSSe
TaNTe,MoSSe
TaNI,MoSSe
TaOH,MoSSe
TaON,MoSSe
TaOO,MoSSe
TaOF,MoSSe
TaOS,MoSSe
TaOCl,MoSSe
TaOSe,MoSSe
TaOBr,MoSSe
TaOTe,MoSSe
TaOI,MoSSe
TaFH,MoSSe
TaFN,MoSSe
TaFO,MoSSe
TaFF,MoSSe
TaFS,MoSSe
TaFCl,MoSSe
TaFSe,MoSSe
TaFBr,MoSSe
TaFTe,MoSSe
TaFI,MoSSe
TaSH,MoSSe
TaSN,MoSSe
TaSO,MoSSe
TaSF,MoSSe
TaSS,MoSSe
TaSCl,MoSSe
TaSSe,MoSSe
TaSBr,MoSSe
TaSTe,MoSSe
TaSI,MoSSe
TaClH,MoSSe
TaClN,MoSSe
TaClO,MoSSe
TaClF,MoSSe
TaClS,MoSSe
TaClCl,MoSSe
TaClSe,MoSSe
TaClBr,MoSSe
TaClTe,MoSSe
TaClI,MoSSe
TaSeH,MoSSe
TaSeN,MoSSe
TaSeO,MoSSe
TaSeF,MoSSe
TaSeS,MoSSe
TaSeCl,MoSSe
TaSeSe,MoSSe
TaSeBr,MoSSe
TaSeTe,MoSSe
TaSeI,MoSSe
TaBrH,MoSSe
TaBrN,MoSSe
TaBrO,MoSSe
TaBrF,MoSSe
TaBrS,MoSSe
TaBrCl,MoSSe
TaBrSe,MoSSe
TaBrBr,MoSSe
TaBrTe,MoSSe
TaBrI,MoSSe
TaTeH,MoSSe
TaTeN,MoSSe
TaTeO,MoSSe
TaTeF,MoSSe
TaTeS,MoSSe
TaTeCl,MoSSe
TaTeSe,MoSSe
TaTeBr,MoSSe
TaTeTe,MoSSe
TaTeI,MoSSe
TaIH,MoSSe
TaIN,MoSSe
TaIO,MoSSe
TaIF,MoSSe
TaIS,MoSSe
TaICl,MoSSe
TaISe,MoSSe
TaIBr,MoSSe
TaITe,MoSSe
TaII,MoSSe
WHH,MoSSe
WHN,MoSSe
WHO,MoSSe
WHF,MoSSe
WHS,MoSSe
WHCl,MoSSe
WHSe,MoSSe
WHBr,MoSSe
WHTe,MoSSe
WHI,MoSSe
WNH,MoSSe
WNN,MoSSe
WNO,MoSSe
WNF,MoSSe
WNS,MoSSe
WNCl,MoSSe
WNSe,MoSSe
WNBr,MoSSe
WNTe,MoSSe
WNI,MoSSe
WOH,MoSSe
WON,MoSSe
WOO,MoSSe
WOF,MoSSe
WOS,MoSSe
WOCl,MoSSe
WOSe,MoSSe
WOBr,MoSSe
WOTe,MoSSe
WOI,MoSSe
WFH,MoSSe
WFN,MoSSe
WFO,MoSSe
WFF,MoSSe
WFS,MoSSe
WFCl,MoSSe
WFSe,MoSSe
WFBr,MoSSe
WFTe,MoSSe
WFI,MoSSe
WSH,MoSSe
WSN,MoSSe
WSO,MoSSe
WSF,MoSSe
WSS,MoSSe
WSCl,MoSSe
WSSe,MoSSe
WSBr,MoSSe
WSTe,MoSSe
WSI,MoSSe
WClH,MoSSe
WClN,MoSSe
WClO,MoSSe
WClF,MoSSe
WClS,MoSSe
WClCl,MoSSe
WClSe,MoSSe
WClBr,MoSSe
WClTe,MoSSe
WClI,MoSSe
WSeH,MoSSe
WSeN,MoSSe
WSeO,MoSSe
WSeF,MoSSe
WSeS,MoSSe
WSeCl,MoSSe
WSeSe,MoSSe
WSeBr,MoSSe
WSeTe,MoSSe
WSeI,MoSSe
WBrH,MoSSe
WBrN,MoSSe
WBrO,MoSSe
WBrF,MoSSe
WBrS,MoSSe
WBrCl,MoSSe
WBrSe,MoSSe
WBrBr,MoSSe
WBrTe,MoSSe
WBrI,MoSSe
WTeH,MoSSe
WTeN,MoSSe
WTeO,MoSSe
WTeF,MoSSe
WTeS,MoSSe
WTeCl,MoSSe
WTeSe,MoSSe
WTeBr,MoSSe
WTeTe,MoSSe
WTeI,MoSSe
WIH,MoSSe
WIN,MoSSe
WIO,MoSSe
WIF,MoSSe
WIS,MoSSe
WICl,MoSSe
WISe,MoSSe
WIBr,MoSSe
WITe,MoSSe
WII,MoSSe
ReHH,MoSSe
ReHN,MoSSe
ReHO,MoSSe
ReHF,MoSSe
ReHS,MoSSe
ReHCl,MoSSe
ReHSe,MoSSe
ReHBr,MoSSe
ReHTe,MoSSe
ReHI,MoSSe
ReNH,MoSSe
ReNN,MoSSe
ReNO,MoSSe
ReNF,MoSSe
ReNS,MoSSe
ReNCl,MoSSe
ReNSe,MoSSe
ReNBr,MoSSe
ReNTe,MoSSe
ReNI,MoSSe
ReOH,MoSSe
ReON,MoSSe
ReOO,MoSSe
ReOF,MoSSe
ReOS,MoSSe
ReOCl,MoSSe
ReOSe,MoSSe
ReOBr,MoSSe
ReOTe,MoSSe
ReOI,MoSSe
ReFH,MoSSe
ReFN,MoSSe
ReFO,MoSSe
ReFF,MoSSe
ReFS,MoSSe
ReFCl,MoSSe
ReFSe,MoSSe
ReFBr,MoSSe
ReFTe,MoSSe
ReFI,MoSSe
ReSH,MoSSe
ReSN,MoSSe
ReSO,MoSSe
ReSF,MoSSe
ReSS,MoSSe
ReSCl,MoSSe
ReSSe,MoSSe
ReSBr,MoSSe
ReSTe,MoSSe
ReSI,MoSSe
ReClH,MoSSe
ReClN,MoSSe
ReClO,MoSSe
ReClF,MoSSe
ReClS,MoSSe
ReClCl,MoSSe
ReClSe,MoSSe
ReClBr,MoSSe
ReClTe,MoSSe
ReClI,MoSSe
ReSeH,MoSSe
ReSeN,MoSSe
ReSeO,MoSSe
ReSeF,MoSSe
ReSeS,MoSSe
ReSeCl,MoSSe
ReSeSe,MoSSe
ReSeBr,MoSSe
ReSeTe,MoSSe
ReSeI,MoSSe
ReBrH,MoSSe
ReBrN,MoSSe
ReBrO,MoSSe
ReBrF,MoSSe
ReBrS,MoSSe
ReBrCl,MoSSe
ReBrSe,MoSSe
ReBrBr,MoSSe
ReBrTe,MoSSe
ReBrI,MoSSe
ReTeH,MoSSe
ReTeN,MoSSe
ReTeO,MoSSe
ReTeF,MoSSe
ReTeS,MoSSe
ReTeCl,MoSSe
ReTeSe,MoSSe
ReTeBr,MoSSe
ReTeTe,MoSSe
ReTeI,MoSSe
ReIH,MoSSe
ReIN,MoSSe
ReIO,MoSSe
ReIF,MoSSe
ReIS,MoSSe
ReICl,MoSSe
ReISe,MoSSe
ReIBr,MoSSe
ReITe,MoSSe
ReII,MoSSe
OsHH,MoSSe
OsHN,MoSSe
OsHO,MoSSe
OsHF,MoSSe
OsHS,MoSSe
OsHCl,MoSSe
OsHSe,MoSSe
OsHBr,MoSSe
OsHTe,MoSSe
OsHI,MoSSe
OsNH,MoSSe
OsNN,MoSSe
OsNO,MoSSe
OsNF,MoSSe
OsNS,MoSSe
OsNCl,MoSSe
OsNSe,MoSSe
OsNBr,MoSSe
OsNTe,MoSSe
OsNI,MoSSe
OsOH,MoSSe
OsON,MoSSe
OsOO,MoSSe
OsOF,MoSSe
OsOS,MoSSe
OsOCl,MoSSe
OsOSe,MoSSe
OsOBr,MoSSe
OsOTe,MoSSe
OsOI,MoSSe
OsFH,MoSSe
OsFN,MoSSe
OsFO,MoSSe
OsFF,MoSSe
OsFS,MoSSe
OsFCl,MoSSe
OsFSe,MoSSe
OsFBr,MoSSe
OsFTe,MoSSe
OsFI,MoSSe
OsSH,MoSSe
OsSN,MoSSe
OsSO,MoSSe
OsSF,MoSSe
OsSS,MoSSe
OsSCl,MoSSe
OsSSe,MoSSe
OsSBr,MoSSe
OsSTe,MoSSe
OsSI,MoSSe
OsClH,MoSSe
OsClN,MoSSe
OsClO,MoSSe
OsClF,MoSSe
OsClS,MoSSe
OsClCl,MoSSe
OsClSe,MoSSe
OsClBr,MoSSe
OsClTe,MoSSe
OsClI,MoSSe
OsSeH,MoSSe
OsSeN,MoSSe
OsSeO,MoSSe
OsSeF,MoSSe
OsSeS,MoSSe
OsSeCl,MoSSe
OsSeSe,MoSSe
OsSeBr,MoSSe
OsSeTe,MoSSe
OsSeI,MoSSe
OsBrH,MoSSe
OsBrN,MoSSe
OsBrO,MoSSe
OsBrF,MoSSe
OsBrS,MoSSe
OsBrCl,MoSSe
OsBrSe,MoSSe
OsBrBr,MoSSe
OsBrTe,MoSSe
OsBrI,MoSSe
OsTeH,MoSSe
OsTeN,MoSSe
OsTeO,MoSSe
OsTeF,MoSSe
OsTeS,MoSSe
OsTeCl,MoSSe
OsTeSe,MoSSe
OsTeBr,MoSSe
OsTeTe,MoSSe
OsTeI,MoSSe
OsIH,MoSSe
OsIN,MoSSe
OsIO,MoSSe
OsIF,MoSSe
OsIS,MoSSe
OsICl,MoSSe
OsISe,MoSSe
OsIBr,MoSSe
OsITe,MoSSe
OsII,MoSSe
IrHH,MoSSe
IrHN,MoSSe
IrHO,MoSSe
IrHF,MoSSe
IrHS,MoSSe
IrHCl,MoSSe
IrHSe,MoSSe
IrHBr,MoSSe
IrHTe,MoSSe
IrHI,MoSSe
IrNH,MoSSe
IrNN,MoSSe
IrNO,MoSSe
IrNF,MoSSe
IrNS,MoSSe
IrNCl,MoSSe
IrNSe,MoSSe
IrNBr,MoSSe
IrNTe,MoSSe
IrNI,MoSSe
IrOH,MoSSe
IrON,MoSSe
IrOO,MoSSe
IrOF,MoSSe
IrOS,MoSSe
IrOCl,MoSSe
IrOSe,MoSSe
IrOBr,MoSSe
IrOTe,MoSSe
IrOI,MoSSe
IrFH,MoSSe
IrFN,MoSSe
IrFO,MoSSe
IrFF,MoSSe
IrFS,MoSSe
IrFCl,MoSSe
IrFSe,MoSSe
IrFBr,MoSSe
IrFTe,MoSSe
IrFI,MoSSe
IrSH,MoSSe
IrSN,MoSSe
IrSO,MoSSe
IrSF,MoSSe
IrSS,MoSSe
IrSCl,MoSSe
IrSSe,MoSSe
IrSBr,MoSSe
IrSTe,MoSSe
IrSI,MoSSe
IrClH,MoSSe
IrClN,MoSSe
IrClO,MoSSe
IrClF,MoSSe
IrClS,MoSSe
IrClCl,MoSSe
IrClSe,MoSSe
IrClBr,MoSSe
IrClTe,MoSSe
IrClI,MoSSe
IrSeH,MoSSe
IrSeN,MoSSe
IrSeO,MoSSe
IrSeF,MoSSe
IrSeS,MoSSe
IrSeCl,MoSSe
IrSeSe,MoSSe
IrSeBr,MoSSe
IrSeTe,MoSSe
IrSeI,MoSSe
IrBrH,MoSSe
IrBrN,MoSSe
IrBrO,MoSSe
IrBrF,MoSSe
IrBrS,MoSSe
IrBrCl,MoSSe
IrBrSe,MoSSe
IrBrBr,MoSSe
IrBrTe,MoSSe
IrBrI,MoSSe
IrTeH,MoSSe
IrTeN,MoSSe
IrTeO,MoSSe
IrTeF,MoSSe
IrTeS,MoSSe
IrTeCl,MoSSe
IrTeSe,MoSSe
IrTeBr,MoSSe
IrTeTe,MoSSe
IrTeI,MoSSe
IrIH,MoSSe
IrIN,MoSSe
IrIO,MoSSe
IrIF,MoSSe
IrIS,MoSSe
IrICl,MoSSe
IrISe,MoSSe
IrIBr,MoSSe
IrITe,MoSSe
IrII,MoSSe
PtHH,MoSSe
PtHN,MoSSe
PtHO,MoSSe
PtHF,MoSSe
PtHS,MoSSe
PtHCl,MoSSe
PtHBr,MoSSe
PtHI,MoSSe
PtNH,MoSSe
PtNN,MoSSe
PtNO,MoSSe
PtNF,MoSSe
PtNS,MoSSe
PtNCl,MoSSe
PtNSe,MoSSe
PtNBr,MoSSe
PtNTe,MoSSe
PtNI,MoSSe
PtOH,MoSSe
PtON,MoSSe
PtOO,MoSSe
PtOF,MoSSe
PtOS,MoSSe
PtOCl,MoSSe
PtOSe,MoSSe
PtOBr,MoSSe
PtOTe,MoSSe
PtOI,MoSSe
PtFH,MoSSe
PtFN,MoSSe
PtFO,MoSSe
PtFF,MoSSe
PtFS,MoSSe
PtFCl,MoSSe
PtFBr,MoSSe
PtFI,MoSSe
PtSH,MoSSe
PtSN,MoSSe
PtSO,MoSSe
PtSF,MoSSe
PtSS,MoSSe
PtSCl,MoSSe
PtSSe,MoSSe
PtSBr,MoSSe
PtSTe,MoSSe
PtSI,MoSSe
PtClH,MoSSe
PtClN,MoSSe
PtClO,MoSSe
PtClF,MoSSe
PtClS,MoSSe
PtClCl,MoSSe
PtClBr,MoSSe
PtClI,MoSSe
PtSeN,MoSSe
PtSeO,MoSSe
PtSeS,MoSSe
PtSeSe,MoSSe
PtSeTe,MoSSe
PtBrH,MoSSe
PtBrN,MoSSe
PtBrO,MoSSe
PtBrF,MoSSe
PtBrS,MoSSe
PtBrCl,MoSSe
PtBrBr,MoSSe
PtBrI,MoSSe
PtTeN,MoSSe
PtTeO,MoSSe
PtTeS,MoSSe
PtTeSe,MoSSe
PtTeTe,MoSSe
PtIH,MoSSe
PtIN,MoSSe
PtIO,MoSSe
PtIF,MoSSe
PtIS,MoSSe
PtICl,MoSSe
PtIBr,MoSSe
PtII,MoSSe
AuHH,MoSSe
AuHN,MoSSe
AuHO,MoSSe
AuHF,MoSSe
AuHS,MoSSe
AuHCl,MoSSe
AuHSe,MoSSe
AuHBr,MoSSe
AuHTe,MoSSe
AuHI,MoSSe
AuNH,MoSSe
AuNN,MoSSe
AuNO,MoSSe
AuNF,MoSSe
AuNS,MoSSe
AuNCl,MoSSe
AuNSe,MoSSe
AuNBr,MoSSe
AuNTe,MoSSe
AuNI,MoSSe
AuOH,MoSSe
AuON,MoSSe
AuOO,MoSSe
AuOF,MoSSe
AuOS,MoSSe
AuOCl,MoSSe
AuOSe,MoSSe
AuOBr,MoSSe
AuOTe,MoSSe
AuOI,MoSSe
AuFH,MoSSe
AuFN,MoSSe
AuFO,MoSSe
AuFF,MoSSe
AuFS,MoSSe
AuFCl,MoSSe
AuFSe,MoSSe
AuFBr,MoSSe
AuFTe,MoSSe
AuFI,MoSSe
AuSH,MoSSe
AuSN,MoSSe
AuSO,MoSSe
AuSF,MoSSe
AuSS,MoSSe
AuSCl,MoSSe
AuSSe,MoSSe
AuSBr,MoSSe
AuSTe,MoSSe
AuSI,MoSSe
AuClH,MoSSe
AuClN,MoSSe
AuClO,MoSSe
AuClF,MoSSe
AuClS,MoSSe
AuClCl,MoSSe
AuClSe,MoSSe
AuClBr,MoSSe
AuClTe,MoSSe
AuClI,MoSSe
AuSeH,MoSSe
AuSeN,MoSSe
AuSeO,MoSSe
AuSeF,MoSSe
AuSeS,MoSSe
AuSeCl,MoSSe
AuSeBr,MoSSe
AuSeI,MoSSe
AuBrH,MoSSe
AuBrN,MoSSe
AuBrO,MoSSe
AuBrF,MoSSe
AuBrS,MoSSe
AuBrCl,MoSSe
AuBrSe,MoSSe
AuBrBr,MoSSe
AuBrTe,MoSSe
AuBrI,MoSSe
AuTeH,MoSSe
AuTeN,MoSSe
AuTeO,MoSSe
AuTeF,MoSSe
AuTeS,MoSSe
AuTeCl,MoSSe
AuTeBr,MoSSe
AuTeI,MoSSe
AuIH,MoSSe
AuIN,MoSSe
AuIO,MoSSe
AuIF,MoSSe
AuIS,MoSSe
AuICl,MoSSe
AuISe,MoSSe
AuIBr,MoSSe
AuITe,MoSSe
AuII,MoSSe
HgHH,MoSSe
HgHN,MoSSe
HgHO,MoSSe
HgHF,MoSSe
HgHS,MoSSe
HgHCl,MoSSe
HgHBr,MoSSe
HgHI,MoSSe
HgNH,MoSSe
HgNN,MoSSe
HgNO,MoSSe
HgNF,MoSSe
HgNS,MoSSe
HgNCl,MoSSe
HgNBr,MoSSe
HgNI,MoSSe
HgOH,MoSSe
HgON,MoSSe
HgOO,MoSSe
HgOF,MoSSe
HgOS,MoSSe
HgOCl,MoSSe
HgOBr,MoSSe
HgOI,MoSSe
HgFH,MoSSe
HgFN,MoSSe
HgFO,MoSSe
HgFF,MoSSe
HgFS,MoSSe
HgFCl,MoSSe
HgFBr,MoSSe
HgFI,MoSSe
HgSH,MoSSe
HgSN,MoSSe
HgSO,MoSSe
HgSF,MoSSe
HgSS,MoSSe
HgSCl,MoSSe
HgSBr,MoSSe
HgSI,MoSSe
HgClH,MoSSe
HgClN,MoSSe
HgClO,MoSSe
HgClF,MoSSe
HgClS,MoSSe
HgClCl,MoSSe
HgClBr,MoSSe
HgClI,MoSSe
HgBrH,MoSSe
HgBrN,MoSSe
HgBrO,MoSSe
HgBrF,MoSSe
HgBrS,MoSSe
HgBrCl,MoSSe
HgBrBr,MoSSe
HgBrI,MoSSe
HgIH,MoSSe
HgIN,MoSSe
HgIO,MoSSe
HgIF,MoSSe
HgIS,MoSSe
HgICl,MoSSe
HgIBr,MoSSe
HgII,MoSSe
TlHN,MoSSe
TlHO,MoSSe
TlHS,MoSSe
TlHSe,MoSSe
TlHTe,MoSSe
TlNH,MoSSe
TlNN,MoSSe
TlNO,MoSSe
TlNF,MoSSe
TlNS,MoSSe
TlNCl,MoSSe
TlNSe,MoSSe
TlNBr,MoSSe
TlNTe,MoSSe
TlNI,MoSSe
TlOH,MoSSe
TlON,MoSSe
TlOO,MoSSe
TlOF,MoSSe
TlOS,MoSSe
TlOCl,MoSSe
TlOSe,MoSSe
TlOBr,MoSSe
TlOTe,MoSSe
TlOI,MoSSe
TlFN,MoSSe
TlFO,MoSSe
TlFS,MoSSe
TlFSe,MoSSe
TlFTe,MoSSe
TlSH,MoSSe
TlSN,MoSSe
TlSO,MoSSe
TlSF,MoSSe
TlSS,MoSSe
TlSCl,MoSSe
TlSSe,MoSSe
TlSBr,MoSSe
TlSTe,MoSSe
TlSI,MoSSe
TlClN,MoSSe
TlClO,MoSSe
TlClS,MoSSe
TlClSe,MoSSe
TlClTe,MoSSe
TlSeH,MoSSe
TlSeN,MoSSe
TlSeO,MoSSe
TlSeF,MoSSe
TlSeS,MoSSe
TlSeCl,MoSSe
TlSeBr,MoSSe
TlSeI,MoSSe
TlBrN,MoSSe
TlBrO,MoSSe
TlBrS,MoSSe
TlBrSe,MoSSe
TlBrTe,MoSSe
TlTeH,MoSSe
TlTeN,MoSSe
TlTeO,MoSSe
TlTeF,MoSSe
TlTeS,MoSSe
TlTeCl,MoSSe
TlTeBr,MoSSe
TlTeI,MoSSe
TlIN,MoSSe
TlIO,MoSSe
TlIS,MoSSe
TlISe,MoSSe
TlITe,MoSSe
PbHH,MoSSe
PbHN,MoSSe
PbHO,MoSSe
PbHF,MoSSe
PbHS,MoSSe
PbHCl,MoSSe
PbHBr,MoSSe
PbHI,MoSSe
PbNH,MoSSe
PbNN,MoSSe
PbNO,MoSSe
PbNF,MoSSe
PbNS,MoSSe
PbNCl,MoSSe
PbNSe,MoSSe
PbNBr,MoSSe
PbNTe,MoSSe
PbNI,MoSSe
PbOH,MoSSe
PbON,MoSSe
PbOO,MoSSe
PbOF,MoSSe
PbOS,MoSSe
PbOCl,MoSSe
PbOSe,MoSSe
PbOBr,MoSSe
PbOTe,MoSSe
PbOI,MoSSe
PbFH,MoSSe
PbFN,MoSSe
PbFO,MoSSe
PbFF,MoSSe
PbFS,MoSSe
PbFCl,MoSSe
PbFBr,MoSSe
PbFI,MoSSe
PbSH,MoSSe
PbSN,MoSSe
PbSO,MoSSe
PbSF,MoSSe
PbSS,MoSSe
PbSCl,MoSSe
PbSSe,MoSSe
PbSBr,MoSSe
PbSTe,MoSSe
PbSI,MoSSe
PbClH,MoSSe
PbClN,MoSSe
PbClO,MoSSe
PbClF,MoSSe
PbClS,MoSSe
PbClCl,MoSSe
PbClBr,MoSSe
PbClI,MoSSe
PbSeN,MoSSe
PbSeO,MoSSe
PbSeS,MoSSe
PbSeSe,MoSSe
PbSeTe,MoSSe
PbBrH,MoSSe
PbBrN,MoSSe
PbBrO,MoSSe
PbBrF,MoSSe
PbBrS,MoSSe
PbBrCl,MoSSe
PbBrBr,MoSSe
PbBrI,MoSSe
PbTeN,MoSSe
PbTeO,MoSSe
PbTeS,MoSSe
PbTeSe,MoSSe
PbTeTe,MoSSe
PbIH,MoSSe
PbIN,MoSSe
PbIO,MoSSe
PbIF,MoSSe
PbIS,MoSSe
PbICl,MoSSe
PbIBr,MoSSe
PbII,MoSSe
BiHN,MoSSe
BiHO,MoSSe
BiHS,MoSSe
BiHSe,MoSSe
BiHTe,MoSSe
BiNH,MoSSe
BiNN,MoSSe
BiNO,MoSSe
BiNF,MoSSe
BiNS,MoSSe
BiNCl,MoSSe
BiNSe,MoSSe
BiNBr,MoSSe
BiNTe,MoSSe
BiNI,MoSSe
BiOH,MoSSe
BiON,MoSSe
BiOO,MoSSe
BiOF,MoSSe
BiOS,MoSSe
BiOCl,MoSSe
BiOSe,MoSSe
BiOBr,MoSSe
BiOTe,MoSSe
BiOI,MoSSe
BiFN,MoSSe
BiFO,MoSSe
BiFS,MoSSe
BiFSe,MoSSe
BiFTe,MoSSe
BiSH,MoSSe
BiSN,MoSSe
BiSO,MoSSe
BiSF,MoSSe
BiSS,MoSSe
BiSCl,MoSSe
BiSSe,MoSSe
BiSBr,MoSSe
BiSTe,MoSSe
BiSI,MoSSe
BiClN,MoSSe
BiClO,MoSSe
BiClS,MoSSe
BiClSe,MoSSe
BiClTe,MoSSe
BiSeH,MoSSe
BiSeN,MoSSe
BiSeO,MoSSe
BiSeF,MoSSe
BiSeS,MoSSe
BiSeCl,MoSSe
BiSeBr,MoSSe
BiSeI,MoSSe
BiBrN,MoSSe
BiBrO,MoSSe
BiBrS,MoSSe
BiBrSe,MoSSe
BiBrTe,MoSSe
BiTeH,MoSSe
BiTeN,MoSSe
BiTeO,MoSSe
BiTeF,MoSSe
BiTeS,MoSSe
BiTeCl,MoSSe
BiTeBr,MoSSe
BiTeI,MoSSe
BiIN,MoSSe
BiIO,MoSSe
BiIS,MoSSe
BiISe,MoSSe
BiITe,MoSSe
