AlHN,MoS2
AlHO,MoS2
AlHS,MoS2
AlHSe,MoS2
AlHTe,MoS2
AlNN,MoS2
AlNO,MoS2
AlNF,MoS2
AlNS,MoS2
AlNCl,MoS2
AlNSe,MoS2
AlNBr,MoS2
AlNTe,MoS2
AlNI,MoS2
AlOO,MoS2
AlOF,MoS2
AlOS,MoS2
AlOCl,MoS2
AlOSe,MoS2
AlOBr,MoS2
AlOTe,MoS2
AlOI,MoS2
AlFS,MoS2
AlFSe,MoS2
AlFTe,MoS2
AlSS,MoS2
AlSCl,MoS2
AlSSe,MoS2
AlSBr,MoS2
AlSTe,MoS2
AlSI,MoS2
AlClSe,MoS2
AlClTe,MoS2
AlSeBr,MoS2
AlSeI,MoS2
AlBrTe,MoS2
AlTeI,MoS2
SiHH,MoS2
SiHN,MoS2
SiHO,MoS2
SiHF,MoS2
SiHS,MoS2
SiHCl,MoS2
SiHSe,MoS2
SiHBr,MoS2
SiHTe,MoS2
SiHI,MoS2
SiNN,MoS2
SiNO,MoS2
SiNF,MoS2
SiNS,MoS2
SiNCl,MoS2
SiNSe,MoS2
SiNBr,MoS2
SiNTe,MoS2
SiNI,MoS2
SiOO,MoS2
SiOF,MoS2
SiOS,MoS2
SiOCl,MoS2
SiOSe,MoS2
SiOBr,MoS2
SiOTe,MoS2
SiOI,MoS2
SiFF,MoS2
SiFS,MoS2
SiFCl,MoS2
SiFSe,MoS2
SiFBr,MoS2
SiFTe,MoS2
SiFI,MoS2
SiSS,MoS2
SiSCl,MoS2
SiSSe,MoS2
SiSBr,MoS2
SiSTe,MoS2
SiSI,MoS2
SiClCl,MoS2
SiClSe,MoS2
SiClBr,MoS2
SiClTe,MoS2
SiClI,MoS2
SiSeSe,MoS2
SiSeBr,MoS2
SiSeTe,MoS2
SiSeI,MoS2
SiBrBr,MoS2
SiBrTe,MoS2
SiBrI,MoS2
SiTeTe,MoS2
SiTeI,MoS2
SiII,MoS2
CaHH,MoS2
CaHN,MoS2
CaHO,MoS2
CaHF,MoS2
CaHS,MoS2
CaHCl,MoS2
CaHBr,MoS2
CaHI,MoS2
CaNN,MoS2
CaNO,MoS2
CaNF,MoS2
CaNS,MoS2
CaNCl,MoS2
CaNBr,MoS2
CaNI,MoS2
CaOO,MoS2
CaOF,MoS2
CaOS,MoS2
CaOCl,MoS2
CaOBr,MoS2
CaOI,MoS2
CaFF,MoS2
CaFS,MoS2
CaFCl,MoS2
CaFBr,MoS2
CaFI,MoS2
CaSS,MoS2
CaSCl,MoS2
CaSBr,MoS2
CaSI,MoS2
CaClCl,MoS2
CaClBr,MoS2
CaClI,MoS2
CaBrBr,MoS2
CaBrI,MoS2
CaII,MoS2
ScHH,MoS2
ScHN,MoS2
ScHO,MoS2
ScHF,MoS2
ScHS,MoS2
ScHCl,MoS2
ScHSe,MoS2
ScHBr,MoS2
ScHTe,MoS2
ScHI,MoS2
ScNN,MoS2
ScNO,MoS2
ScNF,MoS2
ScNS,MoS2
ScNCl,MoS2
ScNSe,MoS2
ScNBr,MoS2
ScNTe,MoS2
ScNI,MoS2
ScOO,MoS2
ScOF,MoS2
ScOS,MoS2
ScOCl,MoS2
ScOSe,MoS2
ScOBr,MoS2
ScOTe,MoS2
ScOI,MoS2
ScFF,MoS2
ScFS,MoS2
ScFCl,MoS2
ScFSe,MoS2
ScFBr,MoS2
ScFTe,MoS2
ScFI,MoS2
ScSS,MoS2
ScSCl,MoS2
ScSSe,MoS2
ScSBr,MoS2
ScSTe,MoS2
ScSI,MoS2
ScClCl,MoS2
ScClSe,MoS2
ScClBr,MoS2
ScClTe,MoS2
ScClI,MoS2
ScSeBr,MoS2
ScSeI,MoS2
ScBrBr,MoS2
ScBrTe,MoS2
ScBrI,MoS2
ScTeI,MoS2
ScII,MoS2
TiHH,MoS2
TiHN,MoS2
TiHO,MoS2
TiHF,MoS2
TiHS,MoS2
TiHCl,MoS2
TiHSe,MoS2
TiHBr,MoS2
TiHTe,MoS2
TiHI,MoS2
TiNN,MoS2
TiNO,MoS2
TiNF,MoS2
TiNS,MoS2
TiNCl,MoS2
TiNSe,MoS2
TiNBr,MoS2
TiNTe,MoS2
TiNI,MoS2
TiOO,MoS2
TiOF,MoS2
TiOS,MoS2
TiOCl,MoS2
TiOSe,MoS2
TiOBr,MoS2
TiOTe,MoS2
TiOI,MoS2
TiFF,MoS2
TiFS,MoS2
TiFCl,MoS2
TiFSe,MoS2
TiFBr,MoS2
TiFTe,MoS2
TiFI,MoS2
TiSS,MoS2
TiSCl,MoS2
TiSSe,MoS2
TiSBr,MoS2
TiSTe,MoS2
TiSI,MoS2
TiClCl,MoS2
TiClSe,MoS2
TiClBr,MoS2
TiClTe,MoS2
TiClI,MoS2
TiSeSe,MoS2
TiSeBr,MoS2
TiSeTe,MoS2
TiSeI,MoS2
TiBrBr,MoS2
TiBrTe,MoS2
TiBrI,MoS2
TiTeTe,MoS2
TiTeI,MoS2
TiII,MoS2
VHH,MoS2
VHN,MoS2
VHO,MoS2
VHF,MoS2
VHS,MoS2
VHCl,MoS2
VHSe,MoS2
VHBr,MoS2
VHTe,MoS2
VHI,MoS2
VNN,MoS2
VNO,MoS2
VNF,MoS2
VNS,MoS2
VNCl,MoS2
VNSe,MoS2
VNBr,MoS2
VNTe,MoS2
VNI,MoS2
VOO,MoS2
VOF,MoS2
VOS,MoS2
VOCl,MoS2
VOSe,MoS2
VOBr,MoS2
VOTe,MoS2
VOI,MoS2
VFF,MoS2
VFS,MoS2
VFCl,MoS2
VFSe,MoS2
VFBr,MoS2
VFTe,MoS2
VFI,MoS2
VSS,MoS2
VSCl,MoS2
VSSe,MoS2
VSBr,MoS2
VSTe,MoS2
VSI,MoS2
VClCl,MoS2
VClSe,MoS2
VClBr,MoS2
VClTe,MoS2
VClI,MoS2
VSeSe,MoS2
VSeBr,MoS2
VSeTe,MoS2
VSeI,MoS2
VBrBr,MoS2
VBrTe,MoS2
VBrI,MoS2
VTeTe,MoS2
VTeI,MoS2
VII,MoS2
CrHH,MoS2
CrHN,MoS2
CrHO,MoS2
CrHF,MoS2
CrHS,MoS2
CrHCl,MoS2
CrHSe,MoS2
CrHBr,MoS2
CrHTe,MoS2
CrHI,MoS2
CrNN,MoS2
CrNO,MoS2
CrNF,MoS2
CrNS,MoS2
CrNCl,MoS2
CrNSe,MoS2
CrNBr,MoS2
CrNTe,MoS2
CrNI,MoS2
CrOO,MoS2
CrOF,MoS2
CrOS,MoS2
CrOCl,MoS2
CrOSe,MoS2
CrOBr,MoS2
CrOTe,MoS2
CrOI,MoS2
CrFF,MoS2
CrFS,MoS2
CrFCl,MoS2
CrFSe,MoS2
CrFBr,MoS2
CrFTe,MoS2
CrFI,MoS2
CrSS,MoS2
CrSCl,MoS2
CrSSe,MoS2
CrSBr,MoS2
CrSTe,MoS2
CrSI,MoS2
CrClCl,MoS2
CrClSe,MoS2
CrClBr,MoS2
CrClTe,MoS2
CrClI,MoS2
CrSeSe,MoS2
CrSeBr,MoS2
CrSeTe,MoS2
CrSeI,MoS2
CrBrBr,MoS2
CrBrTe,MoS2
CrBrI,MoS2
CrTeTe,MoS2
CrTeI,MoS2
CrII,MoS2
MnHH,MoS2
MnHN,MoS2
MnHO,MoS2
MnHF,MoS2
MnHS,MoS2
MnHCl,MoS2
MnHSe,MoS2
MnHBr,MoS2
MnHTe,MoS2
MnHI,MoS2
MnNN,MoS2
MnNO,MoS2
MnNF,MoS2
MnNS,MoS2
MnNCl,MoS2
MnNSe,MoS2
MnNBr,MoS2
MnNTe,MoS2
MnNI,MoS2
MnOO,MoS2
MnOF,MoS2
MnOS,MoS2
MnOCl,MoS2
MnOSe,MoS2
MnOBr,MoS2
MnOTe,MoS2
MnOI,MoS2
MnFF,MoS2
MnFS,MoS2
MnFCl,MoS2
MnFSe,MoS2
MnFBr,MoS2
MnFTe,MoS2
MnFI,MoS2
MnSS,MoS2
MnSCl,MoS2
MnSSe,MoS2
MnSBr,MoS2
MnSTe,MoS2
MnSI,MoS2
MnClCl,MoS2
MnClSe,MoS2
MnClBr,MoS2
MnClTe,MoS2
MnClI,MoS2
MnSeSe,MoS2
MnSeBr,MoS2
MnSeTe,MoS2
MnSeI,MoS2
MnBrBr,MoS2
MnBrTe,MoS2
MnBrI,MoS2
MnTeTe,MoS2
MnTeI,MoS2
MnII,MoS2
FeHH,MoS2
FeHN,MoS2
FeHO,MoS2
FeHF,MoS2
FeHS,MoS2
FeHCl,MoS2
FeHSe,MoS2
FeHBr,MoS2
FeHTe,MoS2
FeHI,MoS2
FeNN,MoS2
FeNO,MoS2
FeNF,MoS2
FeNS,MoS2
FeNCl,MoS2
FeNSe,MoS2
FeNBr,MoS2
FeNTe,MoS2
FeNI,MoS2
FeOO,MoS2
FeOF,MoS2
FeOS,MoS2
FeOCl,MoS2
FeOSe,MoS2
FeOBr,MoS2
FeOTe,MoS2
FeOI,MoS2
FeFF,MoS2
FeFS,MoS2
FeFCl,MoS2
FeFSe,MoS2
FeFBr,MoS2
FeFTe,MoS2
FeFI,MoS2
FeSS,MoS2
FeSCl,MoS2
FeSSe,MoS2
FeSBr,MoS2
FeSTe,MoS2
FeSI,MoS2
FeClCl,MoS2
FeClSe,MoS2
FeClBr,MoS2
FeClTe,MoS2
FeClI,MoS2
FeSeSe,MoS2
FeSeBr,MoS2
FeSeTe,MoS2
FeSeI,MoS2
FeBrBr,MoS2
FeBrTe,MoS2
FeBrI,MoS2
FeTeTe,MoS2
FeTeI,MoS2
FeII,MoS2
CoHH,MoS2
CoHN,MoS2
CoHO,MoS2
CoHF,MoS2
CoHS,MoS2
CoHCl,MoS2
CoHSe,MoS2
CoHBr,MoS2
CoHTe,MoS2
CoHI,MoS2
CoNN,MoS2
CoNO,MoS2
CoNF,MoS2
CoNS,MoS2
CoNCl,MoS2
CoNSe,MoS2
CoNBr,MoS2
CoNTe,MoS2
CoNI,MoS2
CoOO,MoS2
CoOF,MoS2
CoOS,MoS2
CoOCl,MoS2
CoOSe,MoS2
CoOBr,MoS2
CoOTe,MoS2
CoOI,MoS2
CoFF,MoS2
CoFS,MoS2
CoFCl,MoS2
CoFSe,MoS2
CoFBr,MoS2
CoFTe,MoS2
CoFI,MoS2
CoSS,MoS2
CoSCl,MoS2
CoSSe,MoS2
CoSBr,MoS2
CoSTe,MoS2
CoSI,MoS2
CoClCl,MoS2
CoClSe,MoS2
CoClBr,MoS2
CoClTe,MoS2
CoClI,MoS2
CoSeSe,MoS2
CoSeBr,MoS2
CoSeTe,MoS2
CoSeI,MoS2
CoBrBr,MoS2
CoBrTe,MoS2
CoBrI,MoS2
CoTeTe,MoS2
CoTeI,MoS2
CoII,MoS2
NiHH,MoS2
NiHN,MoS2
NiHO,MoS2
NiHF,MoS2
NiHS,MoS2
NiHCl,MoS2
NiHSe,MoS2
NiHBr,MoS2
NiHTe,MoS2
NiHI,MoS2
NiNN,MoS2
NiNO,MoS2
NiNF,MoS2
NiNS,MoS2
NiNCl,MoS2
NiNSe,MoS2
NiNBr,MoS2
NiNTe,MoS2
NiNI,MoS2
NiOO,MoS2
NiOF,MoS2
NiOS,MoS2
NiOCl,MoS2
NiOSe,MoS2
NiOBr,MoS2
NiOTe,MoS2
NiOI,MoS2
NiFF,MoS2
NiFS,MoS2
NiFCl,MoS2
NiFSe,MoS2
NiFBr,MoS2
NiFTe,MoS2
NiFI,MoS2
NiSS,MoS2
NiSCl,MoS2
NiSSe,MoS2
NiSBr,MoS2
NiSTe,MoS2
NiSI,MoS2
NiClCl,MoS2
NiClSe,MoS2
NiClBr,MoS2
NiClTe,MoS2
NiClI,MoS2
NiSeSe,MoS2
NiSeBr,MoS2
NiSeTe,MoS2
NiSeI,MoS2
NiBrBr,MoS2
NiBrTe,MoS2
NiBrI,MoS2
NiTeTe,MoS2
NiTeI,MoS2
NiII,MoS2
CuHH,MoS2
CuHN,MoS2
CuHO,MoS2
CuHF,MoS2
CuHS,MoS2
CuHCl,MoS2
CuHSe,MoS2
CuHBr,MoS2
CuHTe,MoS2
CuHI,MoS2
CuNN,MoS2
CuNO,MoS2
CuNF,MoS2
CuNS,MoS2
CuNCl,MoS2
CuNSe,MoS2
CuNBr,MoS2
CuNTe,MoS2
CuNI,MoS2
CuOO,MoS2
CuOF,MoS2
CuOS,MoS2
CuOCl,MoS2
CuOSe,MoS2
CuOBr,MoS2
CuOTe,MoS2
CuOI,MoS2
CuFF,MoS2
CuFS,MoS2
CuFCl,MoS2
CuFSe,MoS2
CuFBr,MoS2
CuFTe,MoS2
CuFI,MoS2
CuSS,MoS2
CuSCl,MoS2
CuSSe,MoS2
CuSBr,MoS2
CuSTe,MoS2
CuSI,MoS2
CuClCl,MoS2
CuClSe,MoS2
CuClBr,MoS2
CuClTe,MoS2
CuClI,MoS2
CuSeSe,MoS2
CuSeBr,MoS2
CuSeTe,MoS2
CuSeI,MoS2
CuBrBr,MoS2
CuBrTe,MoS2
CuBrI,MoS2
CuTeTe,MoS2
CuTeI,MoS2
CuII,MoS2
ZnHH,MoS2
ZnHN,MoS2
ZnHO,MoS2
ZnHF,MoS2
ZnHS,MoS2
ZnHCl,MoS2
ZnHBr,MoS2
ZnHI,MoS2
ZnNN,MoS2
ZnNO,MoS2
ZnNF,MoS2
ZnNS,MoS2
ZnNCl,MoS2
ZnNBr,MoS2
ZnNI,MoS2
ZnOO,MoS2
ZnOF,MoS2
ZnOS,MoS2
ZnOCl,MoS2
ZnOBr,MoS2
ZnOI,MoS2
ZnFF,MoS2
ZnFS,MoS2
ZnFCl,MoS2
ZnFBr,MoS2
ZnFI,MoS2
ZnSS,MoS2
ZnSCl,MoS2
ZnSBr,MoS2
ZnSI,MoS2
ZnClCl,MoS2
ZnClBr,MoS2
ZnClI,MoS2
ZnBrBr,MoS2
ZnBrI,MoS2
ZnII,MoS2
GaHH,MoS2
GaHN,MoS2
GaHO,MoS2
GaHF,MoS2
GaHS,MoS2
GaHCl,MoS2
GaHSe,MoS2
GaHBr,MoS2
GaHTe,MoS2
GaHI,MoS2
GaNN,MoS2
GaNO,MoS2
GaNF,MoS2
GaNS,MoS2
GaNCl,MoS2
GaNSe,MoS2
GaNBr,MoS2
GaNTe,MoS2
GaNI,MoS2
GaOO,MoS2
GaOF,MoS2
GaOS,MoS2
GaOCl,MoS2
GaOSe,MoS2
GaOBr,MoS2
GaOTe,MoS2
GaOI,MoS2
GaFF,MoS2
GaFS,MoS2
GaFCl,MoS2
GaFSe,MoS2
GaFBr,MoS2
GaFTe,MoS2
GaFI,MoS2
GaSS,MoS2
GaSCl,MoS2
GaSSe,MoS2
GaSBr,MoS2
GaSTe,MoS2
GaSI,MoS2
GaClCl,MoS2
GaClSe,MoS2
GaClBr,MoS2
GaClTe,MoS2
GaClI,MoS2
GaSeBr,MoS2
GaSeI,MoS2
GaBrBr,MoS2
GaBrTe,MoS2
GaBrI,MoS2
GaTeI,MoS2
GaII,MoS2
GeHH,MoS2
GeHN,MoS2
GeHO,MoS2
GeHF,MoS2
GeHS,MoS2
GeHCl,MoS2
GeHSe,MoS2
GeHBr,MoS2
GeHTe,MoS2
GeHI,MoS2
GeNN,MoS2
GeNO,MoS2
GeNF,MoS2
GeNS,MoS2
GeNCl,MoS2
GeNSe,MoS2
GeNBr,MoS2
GeNTe,MoS2
GeNI,MoS2
GeOO,MoS2
GeOF,MoS2
GeOS,MoS2
GeOCl,MoS2
GeOSe,MoS2
GeOBr,MoS2
GeOTe,MoS2
GeOI,MoS2
GeFF,MoS2
GeFS,MoS2
GeFCl,MoS2
GeFSe,MoS2
GeFBr,MoS2
GeFTe,MoS2
GeFI,MoS2
GeSS,MoS2
GeSCl,MoS2
GeSSe,MoS2
GeSBr,MoS2
GeSTe,MoS2
GeSI,MoS2
GeClCl,MoS2
GeClSe,MoS2
GeClBr,MoS2
GeClTe,MoS2
GeClI,MoS2
GeSeSe,MoS2
GeSeBr,MoS2
GeSeTe,MoS2
GeSeI,MoS2
GeBrBr,MoS2
GeBrTe,MoS2
GeBrI,MoS2
GeTeTe,MoS2
GeTeI,MoS2
GeII,MoS2
AsHH,MoS2
AsHN,MoS2
AsHO,MoS2
AsHF,MoS2
AsHS,MoS2
AsHCl,MoS2
AsHSe,MoS2
AsHBr,MoS2
AsHTe,MoS2
AsHI,MoS2
AsNN,MoS2
AsNO,MoS2
AsNF,MoS2
AsNS,MoS2
AsNCl,MoS2
AsNSe,MoS2
AsNBr,MoS2
AsNTe,MoS2
AsNI,MoS2
AsOO,MoS2
AsOF,MoS2
AsOS,MoS2
AsOCl,MoS2
AsOSe,MoS2
AsOBr,MoS2
AsOTe,MoS2
AsOI,MoS2
AsFF,MoS2
AsFS,MoS2
AsFCl,MoS2
AsFSe,MoS2
AsFBr,MoS2
AsFTe,MoS2
AsFI,MoS2
AsSS,MoS2
AsSCl,MoS2
AsSSe,MoS2
AsSBr,MoS2
AsSTe,MoS2
AsSI,MoS2
AsClCl,MoS2
AsClSe,MoS2
AsClBr,MoS2
AsClTe,MoS2
AsClI,MoS2
AsSeBr,MoS2
AsSeI,MoS2
AsBrBr,MoS2
AsBrTe,MoS2
AsBrI,MoS2
AsTeI,MoS2
AsII,MoS2
SrHH,MoS2
SrHN,MoS2
SrHO,MoS2
SrHF,MoS2
SrHS,MoS2
SrHCl,MoS2
SrHBr,MoS2
SrHI,MoS2
SrNN,MoS2
SrNO,MoS2
SrNF,MoS2
SrNS,MoS2
SrNCl,MoS2
SrNBr,MoS2
SrNI,MoS2
SrOO,MoS2
SrOF,MoS2
SrOS,MoS2
SrOCl,MoS2
SrOBr,MoS2
SrOI,MoS2
SrFF,MoS2
SrFS,MoS2
SrFCl,MoS2
SrFBr,MoS2
SrFI,MoS2
SrSS,MoS2
SrSCl,MoS2
SrSBr,MoS2
SrSI,MoS2
SrClCl,MoS2
SrClBr,MoS2
SrClI,MoS2
SrBrBr,MoS2
SrBrI,MoS2
SrII,MoS2
YHN,MoS2
YHO,MoS2
YHS,MoS2
YHSe,MoS2
YHTe,MoS2
YNN,MoS2
YNO,MoS2
YNF,MoS2
YNS,MoS2
YNCl,MoS2
YNSe,MoS2
YNBr,MoS2
YNTe,MoS2
YNI,MoS2
YOO,MoS2
YOF,MoS2
YOS,MoS2
YOCl,MoS2
YOSe,MoS2
YOBr,MoS2
YOTe,MoS2
YOI,MoS2
YFS,MoS2
YFSe,MoS2
YFTe,MoS2
YSS,MoS2
YSCl,MoS2
YSSe,MoS2
YSBr,MoS2
YSTe,MoS2
YSI,MoS2
YClSe,MoS2
YClTe,MoS2
YSeBr,MoS2
YSeI,MoS2
YBrTe,MoS2
YTeI,MoS2
ZrHH,MoS2
ZrHN,MoS2
ZrHO,MoS2
ZrHF,MoS2
ZrHS,MoS2
ZrHCl,MoS2
ZrHSe,MoS2
ZrHBr,MoS2
ZrHTe,MoS2
ZrHI,MoS2
ZrNN,MoS2
ZrNO,MoS2
ZrNF,MoS2
ZrNS,MoS2
ZrNCl,MoS2
ZrNSe,MoS2
ZrNBr,MoS2
ZrNTe,MoS2
ZrNI,MoS2
ZrOO,MoS2
ZrOF,MoS2
ZrOS,MoS2
ZrOCl,MoS2
ZrOSe,MoS2
ZrOBr,MoS2
ZrOTe,MoS2
ZrOI,MoS2
ZrFF,MoS2
ZrFS,MoS2
ZrFCl,MoS2
ZrFSe,MoS2
ZrFBr,MoS2
ZrFTe,MoS2
ZrFI,MoS2
ZrSS,MoS2
ZrSCl,MoS2
ZrSSe,MoS2
ZrSBr,MoS2
ZrSTe,MoS2
ZrSI,MoS2
ZrClCl,MoS2
ZrClSe,MoS2
ZrClBr,MoS2
ZrClTe,MoS2
ZrClI,MoS2
ZrSeSe,MoS2
ZrSeBr,MoS2
ZrSeTe,MoS2
ZrSeI,MoS2
ZrBrBr,MoS2
ZrBrTe,MoS2
ZrBrI,MoS2
ZrTeTe,MoS2
ZrTeI,MoS2
ZrII,MoS2
NbHH,MoS2
NbHN,MoS2
NbHO,MoS2
NbHF,MoS2
NbHS,MoS2
NbHCl,MoS2
NbHSe,MoS2
NbHBr,MoS2
NbHTe,MoS2
NbHI,MoS2
NbNN,MoS2
NbNO,MoS2
NbNF,MoS2
NbNS,MoS2
NbNCl,MoS2
NbNSe,MoS2
NbNBr,MoS2
NbNTe,MoS2
NbNI,MoS2
NbOO,MoS2
NbOF,MoS2
NbOS,MoS2
NbOCl,MoS2
NbOSe,MoS2
NbOBr,MoS2
NbOTe,MoS2
NbOI,MoS2
NbFF,MoS2
NbFS,MoS2
NbFCl,MoS2
NbFSe,MoS2
NbFBr,MoS2
NbFTe,MoS2
NbFI,MoS2
NbSS,MoS2
NbSCl,MoS2
NbSSe,MoS2
NbSBr,MoS2
NbSTe,MoS2
NbSI,MoS2
NbClCl,MoS2
NbClSe,MoS2
NbClBr,MoS2
NbClTe,MoS2
NbClI,MoS2
NbSeSe,MoS2
NbSeBr,MoS2
NbSeTe,MoS2
NbSeI,MoS2
NbBrBr,MoS2
NbBrTe,MoS2
NbBrI,MoS2
NbTeTe,MoS2
NbTeI,MoS2
NbII,MoS2
MoHH,MoS2
MoHN,MoS2
MoHO,MoS2
MoHF,MoS2
MoHS,MoS2
MoHCl,MoS2
MoHSe,MoS2
MoHBr,MoS2
MoHTe,MoS2
MoHI,MoS2
MoNN,MoS2
MoNO,MoS2
MoNF,MoS2
MoNS,MoS2
MoNCl,MoS2
MoNSe,MoS2
MoNBr,MoS2
MoNTe,MoS2
MoNI,MoS2
MoOO,MoS2
MoOF,MoS2
MoOS,MoS2
MoOCl,MoS2
MoOSe,MoS2
MoOBr,MoS2
MoOTe,MoS2
MoOI,MoS2
MoFF,MoS2
MoFS,MoS2
MoFCl,MoS2
MoFSe,MoS2
MoFBr,MoS2
MoFTe,MoS2
MoFI,MoS2
MoSS,MoS2
MoSCl,MoS2
MoSSe,MoS2
MoSBr,MoS2
MoSTe,MoS2
MoSI,MoS2
MoClCl,MoS2
MoClSe,MoS2
MoClBr,MoS2
MoClTe,MoS2
MoClI,MoS2
MoSeSe,MoS2
MoSeBr,MoS2
MoSeTe,MoS2
MoSeI,MoS2
MoBrBr,MoS2
MoBrTe,MoS2
MoBrI,MoS2
MoTeTe,MoS2
MoTeI,MoS2
MoII,MoS2
RuHH,MoS2
RuHN,MoS2
RuHO,MoS2
RuHF,MoS2
RuHS,MoS2
RuHCl,MoS2
RuHSe,MoS2
RuHBr,MoS2
RuHTe,MoS2
RuHI,MoS2
RuNN,MoS2
RuNO,MoS2
RuNF,MoS2
RuNS,MoS2
RuNCl,MoS2
RuNSe,MoS2
RuNBr,MoS2
RuNTe,MoS2
RuNI,MoS2
RuOO,MoS2
RuOF,MoS2
RuOS,MoS2
RuOCl,MoS2
RuOSe,MoS2
RuOBr,MoS2
RuOTe,MoS2
RuOI,MoS2
RuFF,MoS2
RuFS,MoS2
RuFCl,MoS2
RuFSe,MoS2
RuFBr,MoS2
RuFTe,MoS2
RuFI,MoS2
RuSS,MoS2
RuSCl,MoS2
RuSSe,MoS2
RuSBr,MoS2
RuSTe,MoS2
RuSI,MoS2
RuClCl,MoS2
RuClSe,MoS2
RuClBr,MoS2
RuClTe,MoS2
RuClI,MoS2
RuSeSe,MoS2
RuSeBr,MoS2
RuSeTe,MoS2
RuSeI,MoS2
RuBrBr,MoS2
RuBrTe,MoS2
RuBrI,MoS2
RuTeTe,MoS2
RuTeI,MoS2
RuII,MoS2
RhHH,MoS2
RhHN,MoS2
RhHO,MoS2
RhHF,MoS2
RhHS,MoS2
RhHCl,MoS2
RhHSe,MoS2
RhHBr,MoS2
RhHTe,MoS2
RhHI,MoS2
RhNN,MoS2
RhNO,MoS2
RhNF,MoS2
RhNS,MoS2
RhNCl,MoS2
RhNSe,MoS2
RhNBr,MoS2
RhNTe,MoS2
RhNI,MoS2
RhOO,MoS2
RhOF,MoS2
RhOS,MoS2
RhOCl,MoS2
RhOSe,MoS2
RhOBr,MoS2
RhOTe,MoS2
RhOI,MoS2
RhFF,MoS2
RhFS,MoS2
RhFCl,MoS2
RhFSe,MoS2
RhFBr,MoS2
RhFTe,MoS2
RhFI,MoS2
RhSS,MoS2
RhSCl,MoS2
RhSSe,MoS2
RhSBr,MoS2
RhSTe,MoS2
RhSI,MoS2
RhClCl,MoS2
RhClSe,MoS2
RhClBr,MoS2
RhClTe,MoS2
RhClI,MoS2
RhSeSe,MoS2
RhSeBr,MoS2
RhSeTe,MoS2
RhSeI,MoS2
RhBrBr,MoS2
RhBrTe,MoS2
RhBrI,MoS2
RhTeTe,MoS2
RhTeI,MoS2
RhII,MoS2
PdHH,MoS2
PdHN,MoS2
PdHO,MoS2
PdHF,MoS2
PdHS,MoS2
PdHCl,MoS2
PdHBr,MoS2
PdHI,MoS2
PdNN,MoS2
PdNO,MoS2
PdNF,MoS2
PdNS,MoS2
PdNCl,MoS2
PdNSe,MoS2
PdNBr,MoS2
PdNTe,MoS2
PdNI,MoS2
PdOO,MoS2
PdOF,MoS2
PdOS,MoS2
PdOCl,MoS2
PdOSe,MoS2
PdOBr,MoS2
PdOTe,MoS2
PdOI,MoS2
PdFF,MoS2
PdFS,MoS2
PdFCl,MoS2
PdFBr,MoS2
PdFI,MoS2
PdSS,MoS2
PdSCl,MoS2
PdSSe,MoS2
PdSBr,MoS2
PdSTe,MoS2
PdSI,MoS2
PdClCl,MoS2
PdClBr,MoS2
PdClI,MoS2
PdSeSe,MoS2
PdSeTe,MoS2
PdBrBr,MoS2
PdBrI,MoS2
PdTeTe,MoS2
PdII,MoS2
AgHH,MoS2
AgHN,MoS2
AgHO,MoS2
AgHF,MoS2
AgHS,MoS2
AgHCl,MoS2
AgHSe,MoS2
AgHBr,MoS2
AgHTe,MoS2
AgHI,MoS2
AgNN,MoS2
AgNO,MoS2
AgNF,MoS2
AgNS,MoS2
AgNCl,MoS2
AgNSe,MoS2
AgNBr,MoS2
AgNTe,MoS2
AgNI,MoS2
AgOO,MoS2
AgOF,MoS2
AgOS,MoS2
AgOCl,MoS2
AgOSe,MoS2
AgOBr,MoS2
AgOTe,MoS2
AgOI,MoS2
AgFF,MoS2
AgFS,MoS2
AgFCl,MoS2
AgFSe,MoS2
AgFBr,MoS2
AgFTe,MoS2
AgFI,MoS2
AgSS,MoS2
AgSCl,MoS2
AgSSe,MoS2
AgSBr,MoS2
AgSTe,MoS2
AgSI,MoS2
AgClCl,MoS2
AgClSe,MoS2
AgClBr,MoS2
AgClTe,MoS2
AgClI,MoS2
AgSeBr,MoS2
AgSeI,MoS2
AgBrBr,MoS2
AgBrTe,MoS2
AgBrI,MoS2
AgTeI,MoS2
AgII,MoS2
CdHH,MoS2
CdHN,MoS2
CdHO,MoS2
CdHF,MoS2
CdHS,MoS2
CdHCl,MoS2
CdHBr,MoS2
CdHI,MoS2
CdNN,MoS2
CdNO,MoS2
CdNF,MoS2
CdNS,MoS2
CdNCl,MoS2
CdNBr,MoS2
CdNI,MoS2
CdOO,MoS2
CdOF,MoS2
CdOS,MoS2
CdOCl,MoS2
CdOBr,MoS2
CdOI,MoS2
CdFF,MoS2
CdFS,MoS2
CdFCl,MoS2
CdFBr,MoS2
CdFI,MoS2
CdSS,MoS2
CdSCl,MoS2
CdSBr,MoS2
CdSI,MoS2
CdClCl,MoS2
CdClBr,MoS2
CdClI,MoS2
CdBrBr,MoS2
CdBrI,MoS2
CdII,MoS2
InHH,MoS2
InHN,MoS2
InHO,MoS2
InHF,MoS2
InHS,MoS2
InHCl,MoS2
InHSe,MoS2
InHBr,MoS2
InHTe,MoS2
InHI,MoS2
InNN,MoS2
InNO,MoS2
InNF,MoS2
InNS,MoS2
InNCl,MoS2
InNSe,MoS2
InNBr,MoS2
InNTe,MoS2
InNI,MoS2
InOO,MoS2
InOF,MoS2
InOS,MoS2
InOCl,MoS2
InOSe,MoS2
InOBr,MoS2
InOTe,MoS2
InOI,MoS2
InFF,MoS2
InFS,MoS2
InFCl,MoS2
InFSe,MoS2
InFBr,MoS2
InFTe,MoS2
InFI,MoS2
InSS,MoS2
InSCl,MoS2
InSSe,MoS2
InSBr,MoS2
InSTe,MoS2
InSI,MoS2
InClCl,MoS2
InClSe,MoS2
InClBr,MoS2
InClTe,MoS2
InClI,MoS2
InSeBr,MoS2
InSeI,MoS2
InBrBr,MoS2
InBrTe,MoS2
InBrI,MoS2
InTeI,MoS2
InII,MoS2
SnHH,MoS2
SnHN,MoS2
SnHO,MoS2
SnHF,MoS2
SnHS,MoS2
SnHCl,MoS2
SnHBr,MoS2
SnHI,MoS2
SnNN,MoS2
SnNO,MoS2
SnNF,MoS2
SnNS,MoS2
SnNCl,MoS2
SnNSe,MoS2
SnNBr,MoS2
SnNTe,MoS2
SnNI,MoS2
SnOO,MoS2
SnOF,MoS2
SnOS,MoS2
SnOCl,MoS2
SnOSe,MoS2
SnOBr,MoS2
SnOTe,MoS2
SnOI,MoS2
SnFF,MoS2
SnFS,MoS2
SnFCl,MoS2
SnFBr,MoS2
SnFI,MoS2
SnSS,MoS2
SnSCl,MoS2
SnSSe,MoS2
SnSBr,MoS2
SnSTe,MoS2
SnSI,MoS2
SnClCl,MoS2
SnClBr,MoS2
SnClI,MoS2
SnSeSe,MoS2
SnSeTe,MoS2
SnBrBr,MoS2
SnBrI,MoS2
SnTeTe,MoS2
SnII,MoS2
SbHN,MoS2
SbHO,MoS2
SbHS,MoS2
SbHSe,MoS2
SbHTe,MoS2
SbNN,MoS2
SbNO,MoS2
SbNF,MoS2
SbNS,MoS2
SbNCl,MoS2
SbNSe,MoS2
SbNBr,MoS2
SbNTe,MoS2
SbNI,MoS2
SbOO,MoS2
SbOF,MoS2
SbOS,MoS2
SbOCl,MoS2
SbOSe,MoS2
SbOBr,MoS2
SbOTe,MoS2
SbOI,MoS2
SbFS,MoS2
SbFSe,MoS2
SbFTe,MoS2
SbSS,MoS2
SbSCl,MoS2
SbSSe,MoS2
SbSBr,MoS2
SbSTe,MoS2
SbSI,MoS2
SbClSe,MoS2
SbClTe,MoS2
SbSeBr,MoS2
SbSeI,MoS2
SbBrTe,MoS2
SbTeI,MoS2
BaHH,MoS2
BaHN,MoS2
BaHO,MoS2
BaHF,MoS2
BaHS,MoS2
BaHCl,MoS2
BaHBr,MoS2
BaHI,MoS2
BaNN,MoS2
BaNO,MoS2
BaNF,MoS2
BaNS,MoS2
BaNCl,MoS2
BaNBr,MoS2
BaNI,MoS2
BaOO,MoS2
BaOF,MoS2
BaOS,MoS2
BaOCl,MoS2
BaOBr,MoS2
BaOI,MoS2
BaFF,MoS2
BaFS,MoS2
BaFCl,MoS2
BaFBr,MoS2
BaFI,MoS2
BaSS,MoS2
BaSCl,MoS2
BaSBr,MoS2
BaSI,MoS2
BaClCl,MoS2
BaClBr,MoS2
BaClI,MoS2
BaBrBr,MoS2
BaBrI,MoS2
BaII,MoS2
HfHH,MoS2
HfHN,MoS2
HfHO,MoS2
HfHF,MoS2
HfHS,MoS2
HfHCl,MoS2
HfHSe,MoS2
HfHBr,MoS2
HfHTe,MoS2
HfHI,MoS2
HfNN,MoS2
HfNO,MoS2
HfNF,MoS2
HfNS,MoS2
HfNCl,MoS2
HfNSe,MoS2
HfNBr,MoS2
HfNTe,MoS2
HfNI,MoS2
HfOO,MoS2
HfOF,MoS2
HfOS,MoS2
HfOCl,MoS2
HfOSe,MoS2
HfOBr,MoS2
HfOTe,MoS2
HfOI,MoS2
HfFF,MoS2
HfFS,MoS2
HfFCl,MoS2
HfFSe,MoS2
HfFBr,MoS2
HfFTe,MoS2
HfFI,MoS2
HfSS,MoS2
HfSCl,MoS2
HfSSe,MoS2
HfSBr,MoS2
HfSTe,MoS2
HfSI,MoS2
HfClCl,MoS2
HfClSe,MoS2
HfClBr,MoS2
HfClTe,MoS2
HfClI,MoS2
HfSeSe,MoS2
HfSeBr,MoS2
HfSeTe,MoS2
HfSeI,MoS2
HfBrBr,MoS2
HfBrTe,MoS2
HfBrI,MoS2
HfTeTe,MoS2
HfTeI,MoS2
HfII,MoS2
TaHH,MoS2
TaHN,MoS2
TaHO,MoS2
TaHF,MoS2
TaHS,MoS2
TaHCl,MoS2
TaHSe,MoS2
TaHBr,MoS2
TaHTe,MoS2
TaHI,MoS2
TaNN,MoS2
TaNO,MoS2
TaNF,MoS2
TaNS,MoS2
TaNCl,MoS2
TaNSe,MoS2
TaNBr,MoS2
TaNTe,MoS2
TaNI,MoS2
TaOO,MoS2
TaOF,MoS2
TaOS,MoS2
TaOCl,MoS2
TaOSe,MoS2
TaOBr,MoS2
TaOTe,MoS2
TaOI,MoS2
TaFF,MoS2
TaFS,MoS2
TaFCl,MoS2
TaFSe,MoS2
TaFBr,MoS2
TaFTe,MoS2
TaFI,MoS2
TaSS,MoS2
TaSCl,MoS2
TaSSe,MoS2
TaSBr,MoS2
TaSTe,MoS2
TaSI,MoS2
TaClCl,MoS2
TaClSe,MoS2
TaClBr,MoS2
TaClTe,MoS2
TaClI,MoS2
TaSeSe,MoS2
TaSeBr,MoS2
TaSeTe,MoS2
TaSeI,MoS2
TaBrBr,MoS2
TaBrTe,MoS2
TaBrI,MoS2
TaTeTe,MoS2
TaTeI,MoS2
TaII,MoS2
WHH,MoS2
WHN,MoS2
WHO,MoS2
WHF,MoS2
WHS,MoS2
WHCl,MoS2
WHSe,MoS2
WHBr,MoS2
WHTe,MoS2
WHI,MoS2
WNN,MoS2
WNO,MoS2
WNF,MoS2
WNS,MoS2
WNCl,MoS2
WNSe,MoS2
WNBr,MoS2
WNTe,MoS2
WNI,MoS2
WOO,MoS2
WOF,MoS2
WOS,MoS2
WOCl,MoS2
WOSe,MoS2
WOBr,MoS2
WOTe,MoS2
WOI,MoS2
WFF,MoS2
WFS,MoS2
WFCl,MoS2
WFSe,MoS2
WFBr,MoS2
WFTe,MoS2
WFI,MoS2
WSS,MoS2
WSCl,MoS2
WSSe,MoS2
WSBr,MoS2
WSTe,MoS2
WSI,MoS2
WClCl,MoS2
WClSe,MoS2
WClBr,MoS2
WClTe,MoS2
WClI,MoS2
WSeSe,MoS2
WSeBr,MoS2
WSeTe,MoS2
WSeI,MoS2
WBrBr,MoS2
WBrTe,MoS2
WBrI,MoS2
WTeTe,MoS2
WTeI,MoS2
WII,MoS2
ReHH,MoS2
ReHN,MoS2
ReHO,MoS2
ReHF,MoS2
ReHS,MoS2
ReHCl,MoS2
ReHSe,MoS2
ReHBr,MoS2
ReHTe,MoS2
ReHI,MoS2
ReNN,MoS2
ReNO,MoS2
ReNF,MoS2
ReNS,MoS2
ReNCl,MoS2
ReNSe,MoS2
ReNBr,MoS2
ReNTe,MoS2
ReNI,MoS2
ReOO,MoS2
ReOF,MoS2
ReOS,MoS2
ReOCl,MoS2
ReOSe,MoS2
ReOBr,MoS2
ReOTe,MoS2
ReOI,MoS2
ReFF,MoS2
ReFS,MoS2
ReFCl,MoS2
ReFSe,MoS2
ReFBr,MoS2
ReFTe,MoS2
ReFI,MoS2
ReSS,MoS2
ReSCl,MoS2
ReSSe,MoS2
ReSBr,MoS2
ReSTe,MoS2
ReSI,MoS2
ReClCl,MoS2
ReClSe,MoS2
ReClBr,MoS2
ReClTe,MoS2
ReClI,MoS2
ReSeSe,MoS2
ReSeBr,MoS2
ReSeTe,MoS2
ReSeI,MoS2
ReBrBr,MoS2
ReBrTe,MoS2
ReBrI,MoS2
ReTeTe,MoS2
ReTeI,MoS2
ReII,MoS2
OsHH,MoS2
OsHN,MoS2
OsHO,MoS2
OsHF,MoS2
OsHS,MoS2
OsHCl,MoS2
OsHSe,MoS2
OsHBr,MoS2
OsHTe,MoS2
OsHI,MoS2
OsNN,MoS2
OsNO,MoS2
OsNF,MoS2
OsNS,MoS2
OsNCl,MoS2
OsNSe,MoS2
OsNBr,MoS2
OsNTe,MoS2
OsNI,MoS2
OsOO,MoS2
OsOF,MoS2
OsOS,MoS2
OsOCl,MoS2
OsOSe,MoS2
OsOBr,MoS2
OsOTe,MoS2
OsOI,MoS2
OsFF,MoS2
OsFS,MoS2
OsFCl,MoS2
OsFSe,MoS2
OsFBr,MoS2
OsFTe,MoS2
OsFI,MoS2
OsSS,MoS2
OsSCl,MoS2
OsSSe,MoS2
OsSBr,MoS2
OsSTe,MoS2
OsSI,MoS2
OsClCl,MoS2
OsClSe,MoS2
OsClBr,MoS2
OsClTe,MoS2
OsClI,MoS2
OsSeSe,MoS2
OsSeBr,MoS2
OsSeTe,MoS2
OsSeI,MoS2
OsBrBr,MoS2
OsBrTe,MoS2
OsBrI,MoS2
OsTeTe,MoS2
OsTeI,MoS2
OsII,MoS2
IrHH,MoS2
IrHN,MoS2
IrHO,MoS2
IrHF,MoS2
IrHS,MoS2
IrHCl,MoS2
IrHSe,MoS2
IrHBr,MoS2
IrHTe,MoS2
IrHI,MoS2
IrNN,MoS2
IrNO,MoS2
IrNF,MoS2
IrNS,MoS2
IrNCl,MoS2
IrNSe,MoS2
IrNBr,MoS2
IrNTe,MoS2
IrNI,MoS2
IrOO,MoS2
IrOF,MoS2
IrOS,MoS2
IrOCl,MoS2
IrOSe,MoS2
IrOBr,MoS2
IrOTe,MoS2
IrOI,MoS2
IrFF,MoS2
IrFS,MoS2
IrFCl,MoS2
IrFSe,MoS2
IrFBr,MoS2
IrFTe,MoS2
IrFI,MoS2
IrSS,MoS2
IrSCl,MoS2
IrSSe,MoS2
IrSBr,MoS2
IrSTe,MoS2
IrSI,MoS2
IrClCl,MoS2
IrClSe,MoS2
IrClBr,MoS2
IrClTe,MoS2
IrClI,MoS2
IrSeSe,MoS2
IrSeBr,MoS2
IrSeTe,MoS2
IrSeI,MoS2
IrBrBr,MoS2
IrBrTe,MoS2
IrBrI,MoS2
IrTeTe,MoS2
IrTeI,MoS2
IrII,MoS2
PtHH,MoS2
PtHN,MoS2
PtHO,MoS2
PtHF,MoS2
PtHS,MoS2
PtHCl,MoS2
PtHBr,MoS2
PtHI,MoS2
PtNN,MoS2
PtNO,MoS2
PtNF,MoS2
PtNS,MoS2
PtNCl,MoS2
PtNSe,MoS2
PtNBr,MoS2
PtNTe,MoS2
PtNI,MoS2
PtOO,MoS2
PtOF,MoS2
PtOS,MoS2
PtOCl,MoS2
PtOSe,MoS2
PtOBr,MoS2
PtOTe,MoS2
PtOI,MoS2
PtFF,MoS2
PtFS,MoS2
PtFCl,MoS2
PtFBr,MoS2
PtFI,MoS2
PtSS,MoS2
PtSCl,MoS2
PtSSe,MoS2
PtSBr,MoS2
PtSTe,MoS2
PtSI,MoS2
PtClCl,MoS2
PtClBr,MoS2
PtClI,MoS2
PtSeSe,MoS2
PtSeTe,MoS2
PtBrBr,MoS2
PtBrI,MoS2
PtTeTe,MoS2
PtII,MoS2
AuHH,MoS2
AuHN,MoS2
AuHO,MoS2
AuHF,MoS2
AuHS,MoS2
AuHCl,MoS2
AuHSe,MoS2
AuHBr,MoS2
AuHTe,MoS2
AuHI,MoS2
AuNN,MoS2
AuNO,MoS2
AuNF,MoS2
AuNS,MoS2
AuNCl,MoS2
AuNSe,MoS2
AuNBr,MoS2
AuNTe,MoS2
AuNI,MoS2
AuOO,MoS2
AuOF,MoS2
AuOS,MoS2
AuOCl,MoS2
AuOSe,MoS2
AuOBr,MoS2
AuOTe,MoS2
AuOI,MoS2
AuFF,MoS2
AuFS,MoS2
AuFCl,MoS2
AuFSe,MoS2
AuFBr,MoS2
AuFTe,MoS2
AuFI,MoS2
AuSS,MoS2
AuSCl,MoS2
AuSSe,MoS2
AuSBr,MoS2
AuSTe,MoS2
AuSI,MoS2
AuClCl,MoS2
AuClSe,MoS2
AuClBr,MoS2
AuClTe,MoS2
AuClI,MoS2
AuSeBr,MoS2
AuSeI,MoS2
AuBrBr,MoS2
AuBrTe,MoS2
AuBrI,MoS2
AuTeI,MoS2
AuII,MoS2
HgHH,MoS2
HgHN,MoS2
HgHO,MoS2
HgHF,MoS2
HgHS,MoS2
HgHCl,MoS2
HgHBr,MoS2
HgHI,MoS2
HgNN,MoS2
HgNO,MoS2
HgNF,MoS2
HgNS,MoS2
HgNCl,MoS2
HgNBr,MoS2
HgNI,MoS2
HgOO,MoS2
HgOF,MoS2
HgOS,MoS2
HgOCl,MoS2
HgOBr,MoS2
HgOI,MoS2
HgFF,MoS2
HgFS,MoS2
HgFCl,MoS2
HgFBr,MoS2
HgFI,MoS2
HgSS,MoS2
HgSCl,MoS2
HgSBr,MoS2
HgSI,MoS2
HgClCl,MoS2
HgClBr,MoS2
HgClI,MoS2
HgBrBr,MoS2
HgBrI,MoS2
HgII,MoS2
TlHN,MoS2
TlHO,MoS2
TlHS,MoS2
TlHSe,MoS2
TlHTe,MoS2
TlNN,MoS2
TlNO,MoS2
TlNF,MoS2
TlNS,MoS2
TlNCl,MoS2
TlNSe,MoS2
TlNBr,MoS2
TlNTe,MoS2
TlNI,MoS2
TlOO,MoS2
TlOF,MoS2
TlOS,MoS2
TlOCl,MoS2
TlOSe,MoS2
TlOBr,MoS2
TlOTe,MoS2
TlOI,MoS2
TlFS,MoS2
TlFSe,MoS2
TlFTe,MoS2
TlSS,MoS2
TlSCl,MoS2
TlSSe,MoS2
TlSBr,MoS2
TlSTe,MoS2
TlSI,MoS2
TlClSe,MoS2
TlClTe,MoS2
TlSeBr,MoS2
TlSeI,MoS2
TlBrTe,MoS2
TlTeI,MoS2
PbHH,MoS2
PbHN,MoS2
PbHO,MoS2
PbHF,MoS2
PbHS,MoS2
PbHCl,MoS2
PbHBr,MoS2
PbHI,MoS2
PbNN,MoS2
PbNO,MoS2
PbNF,MoS2
PbNS,MoS2
PbNCl,MoS2
PbNSe,MoS2
PbNBr,MoS2
PbNTe,MoS2
PbNI,MoS2
PbOO,MoS2
PbOF,MoS2
PbOS,MoS2
PbOCl,MoS2
PbOSe,MoS2
PbOBr,MoS2
PbOTe,MoS2
PbOI,MoS2
PbFF,MoS2
PbFS,MoS2
PbFCl,MoS2
PbFBr,MoS2
PbFI,MoS2
PbSS,MoS2
PbSCl,MoS2
PbSSe,MoS2
PbSBr,MoS2
PbSTe,MoS2
PbSI,MoS2
PbClCl,MoS2
PbClBr,MoS2
PbClI,MoS2
PbSeSe,MoS2
PbSeTe,MoS2
PbBrBr,MoS2
PbBrI,MoS2
PbTeTe,MoS2
PbII,MoS2
BiHN,MoS2
BiHO,MoS2
BiHS,MoS2
BiHSe,MoS2
BiHTe,MoS2
BiNN,MoS2
BiNO,MoS2
BiNF,MoS2
BiNS,MoS2
BiNCl,MoS2
BiNSe,MoS2
BiNBr,MoS2
BiNTe,MoS2
BiNI,MoS2
BiOO,MoS2
BiOF,MoS2
BiOS,MoS2
BiOCl,MoS2
BiOSe,MoS2
BiOBr,MoS2
BiOTe,MoS2
BiOI,MoS2
BiFS,MoS2
BiFSe,MoS2
BiFTe,MoS2
BiSS,MoS2
BiSCl,MoS2
BiSSe,MoS2
BiSBr,MoS2
BiSTe,MoS2
BiSI,MoS2
BiClSe,MoS2
BiClTe,MoS2
BiSeBr,MoS2
BiSeI,MoS2
BiBrTe,MoS2
BiTeI,MoS2
