AlHN,GeS2
AlHO,GeS2
AlHS,GeS2
AlHSe,GeS2
AlHTe,GeS2
AlNN,GeS2
AlNO,GeS2
AlNF,GeS2
AlNS,GeS2
AlNCl,GeS2
AlNSe,GeS2
AlNBr,GeS2
AlNTe,GeS2
AlNI,GeS2
AlOO,GeS2
AlOF,GeS2
AlOS,GeS2
AlOCl,GeS2
AlOSe,GeS2
AlOBr,GeS2
AlOTe,GeS2
AlOI,GeS2
AlFS,GeS2
AlFSe,GeS2
AlFTe,GeS2
AlSS,GeS2
AlSCl,GeS2
AlSSe,GeS2
AlSBr,GeS2
AlSTe,GeS2
AlSI,GeS2
AlClSe,GeS2
AlClTe,GeS2
AlSeBr,GeS2
AlSeI,GeS2
AlBrTe,GeS2
AlTeI,GeS2
SiHH,GeS2
SiHN,GeS2
SiHO,GeS2
SiHF,GeS2
SiHS,GeS2
SiHCl,GeS2
SiHSe,GeS2
SiHBr,GeS2
SiHTe,GeS2
SiHI,GeS2
SiNN,GeS2
SiNO,GeS2
SiNF,GeS2
SiNS,GeS2
SiNCl,GeS2
SiNSe,GeS2
SiNBr,GeS2
SiNTe,GeS2
SiNI,GeS2
SiOO,GeS2
SiOF,GeS2
SiOS,GeS2
SiOCl,GeS2
SiOSe,GeS2
SiOBr,GeS2
SiOTe,GeS2
SiOI,GeS2
SiFF,GeS2
SiFS,GeS2
SiFCl,GeS2
SiFSe,GeS2
SiFBr,GeS2
SiFTe,GeS2
SiFI,GeS2
SiSS,GeS2
SiSCl,GeS2
SiSSe,GeS2
SiSBr,GeS2
SiSTe,GeS2
SiSI,GeS2
SiClCl,GeS2
SiClSe,GeS2
SiClBr,GeS2
SiClTe,GeS2
SiClI,GeS2
SiSeSe,GeS2
SiSeBr,GeS2
SiSeTe,GeS2
SiSeI,GeS2
SiBrBr,GeS2
SiBrTe,GeS2
SiBrI,GeS2
SiTeTe,GeS2
SiTeI,GeS2
SiII,GeS2
CaHH,GeS2
CaHN,GeS2
CaHO,GeS2
CaHF,GeS2
CaHS,GeS2
CaHCl,GeS2
CaHBr,GeS2
CaHI,GeS2
CaNN,GeS2
CaNO,GeS2
CaNF,GeS2
CaNS,GeS2
CaNCl,GeS2
CaNBr,GeS2
CaNI,GeS2
CaOO,GeS2
CaOF,GeS2
CaOS,GeS2
CaOCl,GeS2
CaOBr,GeS2
CaOI,GeS2
CaFF,GeS2
CaFS,GeS2
CaFCl,GeS2
CaFBr,GeS2
CaFI,GeS2
CaSS,GeS2
CaSCl,GeS2
CaSBr,GeS2
CaSI,GeS2
CaClCl,GeS2
CaClBr,GeS2
CaClI,GeS2
CaBrBr,GeS2
CaBrI,GeS2
CaII,GeS2
ScHH,GeS2
ScHN,GeS2
ScHO,GeS2
ScHF,GeS2
ScHS,GeS2
ScHCl,GeS2
ScHSe,GeS2
ScHBr,GeS2
ScHTe,GeS2
ScHI,GeS2
ScNN,GeS2
ScNO,GeS2
ScNF,GeS2
ScNS,GeS2
ScNCl,GeS2
ScNSe,GeS2
ScNBr,GeS2
ScNTe,GeS2
ScNI,GeS2
ScOO,GeS2
ScOF,GeS2
ScOS,GeS2
ScOCl,GeS2
ScOSe,GeS2
ScOBr,GeS2
ScOTe,GeS2
ScOI,GeS2
ScFF,GeS2
ScFS,GeS2
ScFCl,GeS2
ScFSe,GeS2
ScFBr,GeS2
ScFTe,GeS2
ScFI,GeS2
ScSS,GeS2
ScSCl,GeS2
ScSSe,GeS2
ScSBr,GeS2
ScSTe,GeS2
ScSI,GeS2
ScClCl,GeS2
ScClSe,GeS2
ScClBr,GeS2
ScClTe,GeS2
ScClI,GeS2
ScSeBr,GeS2
ScSeI,GeS2
ScBrBr,GeS2
ScBrTe,GeS2
ScBrI,GeS2
ScTeI,GeS2
ScII,GeS2
TiHH,GeS2
TiHN,GeS2
TiHO,GeS2
TiHF,GeS2
TiHS,GeS2
TiHCl,GeS2
TiHSe,GeS2
TiHBr,GeS2
TiHTe,GeS2
TiHI,GeS2
TiNN,GeS2
TiNO,GeS2
TiNF,GeS2
TiNS,GeS2
TiNCl,GeS2
TiNSe,GeS2
TiNBr,GeS2
TiNTe,GeS2
TiNI,GeS2
TiOO,GeS2
TiOF,GeS2
TiOS,GeS2
TiOCl,GeS2
TiOSe,GeS2
TiOBr,GeS2
TiOTe,GeS2
TiOI,GeS2
TiFF,GeS2
TiFS,GeS2
TiFCl,GeS2
TiFSe,GeS2
TiFBr,GeS2
TiFTe,GeS2
TiFI,GeS2
TiSS,GeS2
TiSCl,GeS2
TiSSe,GeS2
TiSBr,GeS2
TiSTe,GeS2
TiSI,GeS2
TiClCl,GeS2
TiClSe,GeS2
TiClBr,GeS2
TiClTe,GeS2
TiClI,GeS2
TiSeSe,GeS2
TiSeBr,GeS2
TiSeTe,GeS2
TiSeI,GeS2
TiBrBr,GeS2
TiBrTe,GeS2
TiBrI,GeS2
TiTeTe,GeS2
TiTeI,GeS2
TiII,GeS2
VHH,GeS2
VHN,GeS2
VHO,GeS2
VHF,GeS2
VHS,GeS2
VHCl,GeS2
VHSe,GeS2
VHBr,GeS2
VHTe,GeS2
VHI,GeS2
VNN,GeS2
VNO,GeS2
VNF,GeS2
VNS,GeS2
VNCl,GeS2
VNSe,GeS2
VNBr,GeS2
VNTe,GeS2
VNI,GeS2
VOO,GeS2
VOF,GeS2
VOS,GeS2
VOCl,GeS2
VOSe,GeS2
VOBr,GeS2
VOTe,GeS2
VOI,GeS2
VFF,GeS2
VFS,GeS2
VFCl,GeS2
VFSe,GeS2
VFBr,GeS2
VFTe,GeS2
VFI,GeS2
VSS,GeS2
VSCl,GeS2
VSSe,GeS2
VSBr,GeS2
VSTe,GeS2
VSI,GeS2
VClCl,GeS2
VClSe,GeS2
VClBr,GeS2
VClTe,GeS2
VClI,GeS2
VSeSe,GeS2
VSeBr,GeS2
VSeTe,GeS2
VSeI,GeS2
VBrBr,GeS2
VBrTe,GeS2
VBrI,GeS2
VTeTe,GeS2
VTeI,GeS2
VII,GeS2
CrHH,GeS2
CrHN,GeS2
CrHO,GeS2
CrHF,GeS2
CrHS,GeS2
CrHCl,GeS2
CrHSe,GeS2
CrHBr,GeS2
CrHTe,GeS2
CrHI,GeS2
CrNN,GeS2
CrNO,GeS2
CrNF,GeS2
CrNS,GeS2
CrNCl,GeS2
CrNSe,GeS2
CrNBr,GeS2
CrNTe,GeS2
CrNI,GeS2
CrOO,GeS2
CrOF,GeS2
CrOS,GeS2
CrOCl,GeS2
CrOSe,GeS2
CrOBr,GeS2
CrOTe,GeS2
CrOI,GeS2
CrFF,GeS2
CrFS,GeS2
CrFCl,GeS2
CrFSe,GeS2
CrFBr,GeS2
CrFTe,GeS2
CrFI,GeS2
CrSS,GeS2
CrSCl,GeS2
CrSSe,GeS2
CrSBr,GeS2
CrSTe,GeS2
CrSI,GeS2
CrClCl,GeS2
CrClSe,GeS2
CrClBr,GeS2
CrClTe,GeS2
CrClI,GeS2
CrSeSe,GeS2
CrSeBr,GeS2
CrSeTe,GeS2
CrSeI,GeS2
CrBrBr,GeS2
CrBrTe,GeS2
CrBrI,GeS2
CrTeTe,GeS2
CrTeI,GeS2
CrII,GeS2
MnHH,GeS2
MnHN,GeS2
MnHO,GeS2
MnHF,GeS2
MnHS,GeS2
MnHCl,GeS2
MnHSe,GeS2
MnHBr,GeS2
MnHTe,GeS2
MnHI,GeS2
MnNN,GeS2
MnNO,GeS2
MnNF,GeS2
MnNS,GeS2
MnNCl,GeS2
MnNSe,GeS2
MnNBr,GeS2
MnNTe,GeS2
MnNI,GeS2
MnOO,GeS2
MnOF,GeS2
MnOS,GeS2
MnOCl,GeS2
MnOSe,GeS2
MnOBr,GeS2
MnOTe,GeS2
MnOI,GeS2
MnFF,GeS2
MnFS,GeS2
MnFCl,GeS2
MnFSe,GeS2
MnFBr,GeS2
MnFTe,GeS2
MnFI,GeS2
MnSS,GeS2
MnSCl,GeS2
MnSSe,GeS2
MnSBr,GeS2
MnSTe,GeS2
MnSI,GeS2
MnClCl,GeS2
MnClSe,GeS2
MnClBr,GeS2
MnClTe,GeS2
MnClI,GeS2
MnSeSe,GeS2
MnSeBr,GeS2
MnSeTe,GeS2
MnSeI,GeS2
MnBrBr,GeS2
MnBrTe,GeS2
MnBrI,GeS2
MnTeTe,GeS2
MnTeI,GeS2
MnII,GeS2
FeHH,GeS2
FeHN,GeS2
FeHO,GeS2
FeHF,GeS2
FeHS,GeS2
FeHCl,GeS2
FeHSe,GeS2
FeHBr,GeS2
FeHTe,GeS2
FeHI,GeS2
FeNN,GeS2
FeNO,GeS2
FeNF,GeS2
FeNS,GeS2
FeNCl,GeS2
FeNSe,GeS2
FeNBr,GeS2
FeNTe,GeS2
FeNI,GeS2
FeOO,GeS2
FeOF,GeS2
FeOS,GeS2
FeOCl,GeS2
FeOSe,GeS2
FeOBr,GeS2
FeOTe,GeS2
FeOI,GeS2
FeFF,GeS2
FeFS,GeS2
FeFCl,GeS2
FeFSe,GeS2
FeFBr,GeS2
FeFTe,GeS2
FeFI,GeS2
FeSS,GeS2
FeSCl,GeS2
FeSSe,GeS2
FeSBr,GeS2
FeSTe,GeS2
FeSI,GeS2
FeClCl,GeS2
FeClSe,GeS2
FeClBr,GeS2
FeClTe,GeS2
FeClI,GeS2
FeSeSe,GeS2
FeSeBr,GeS2
FeSeTe,GeS2
FeSeI,GeS2
FeBrBr,GeS2
FeBrTe,GeS2
FeBrI,GeS2
FeTeTe,GeS2
FeTeI,GeS2
FeII,GeS2
CoHH,GeS2
CoHN,GeS2
CoHO,GeS2
CoHF,GeS2
CoHS,GeS2
CoHCl,GeS2
CoHSe,GeS2
CoHBr,GeS2
CoHTe,GeS2
CoHI,GeS2
CoNN,GeS2
CoNO,GeS2
CoNF,GeS2
CoNS,GeS2
CoNCl,GeS2
CoNSe,GeS2
CoNBr,GeS2
CoNTe,GeS2
CoNI,GeS2
CoOO,GeS2
CoOF,GeS2
CoOS,GeS2
CoOCl,GeS2
CoOSe,GeS2
CoOBr,GeS2
CoOTe,GeS2
CoOI,GeS2
CoFF,GeS2
CoFS,GeS2
CoFCl,GeS2
CoFSe,GeS2
CoFBr,GeS2
CoFTe,GeS2
CoFI,GeS2
CoSS,GeS2
CoSCl,GeS2
CoSSe,GeS2
CoSBr,GeS2
CoSTe,GeS2
CoSI,GeS2
CoClCl,GeS2
CoClSe,GeS2
CoClBr,GeS2
CoClTe,GeS2
CoClI,GeS2
CoSeSe,GeS2
CoSeBr,GeS2
CoSeTe,GeS2
CoSeI,GeS2
CoBrBr,GeS2
CoBrTe,GeS2
CoBrI,GeS2
CoTeTe,GeS2
CoTeI,GeS2
CoII,GeS2
NiHH,GeS2
NiHN,GeS2
NiHO,GeS2
NiHF,GeS2
NiHS,GeS2
NiHCl,GeS2
NiHSe,GeS2
NiHBr,GeS2
NiHTe,GeS2
NiHI,GeS2
NiNN,GeS2
NiNO,GeS2
NiNF,GeS2
NiNS,GeS2
NiNCl,GeS2
NiNSe,GeS2
NiNBr,GeS2
NiNTe,GeS2
NiNI,GeS2
NiOO,GeS2
NiOF,GeS2
NiOS,GeS2
NiOCl,GeS2
NiOSe,GeS2
NiOBr,GeS2
NiOTe,GeS2
NiOI,GeS2
NiFF,GeS2
NiFS,GeS2
NiFCl,GeS2
NiFSe,GeS2
NiFBr,GeS2
NiFTe,GeS2
NiFI,GeS2
NiSS,GeS2
NiSCl,GeS2
NiSSe,GeS2
NiSBr,GeS2
NiSTe,GeS2
NiSI,GeS2
NiClCl,GeS2
NiClSe,GeS2
NiClBr,GeS2
NiClTe,GeS2
NiClI,GeS2
NiSeSe,GeS2
NiSeBr,GeS2
NiSeTe,GeS2
NiSeI,GeS2
NiBrBr,GeS2
NiBrTe,GeS2
NiBrI,GeS2
NiTeTe,GeS2
NiTeI,GeS2
NiII,GeS2
CuHH,GeS2
CuHN,GeS2
CuHO,GeS2
CuHF,GeS2
CuHS,GeS2
CuHCl,GeS2
CuHSe,GeS2
CuHBr,GeS2
CuHTe,GeS2
CuHI,GeS2
CuNN,GeS2
CuNO,GeS2
CuNF,GeS2
CuNS,GeS2
CuNCl,GeS2
CuNSe,GeS2
CuNBr,GeS2
CuNTe,GeS2
CuNI,GeS2
CuOO,GeS2
CuOF,GeS2
CuOS,GeS2
CuOCl,GeS2
CuOSe,GeS2
CuOBr,GeS2
CuOTe,GeS2
CuOI,GeS2
CuFF,GeS2
CuFS,GeS2
CuFCl,GeS2
CuFSe,GeS2
CuFBr,GeS2
CuFTe,GeS2
CuFI,GeS2
CuSS,GeS2
CuSCl,GeS2
CuSSe,GeS2
CuSBr,GeS2
CuSTe,GeS2
CuSI,GeS2
CuClCl,GeS2
CuClSe,GeS2
CuClBr,GeS2
CuClTe,GeS2
CuClI,GeS2
CuSeSe,GeS2
CuSeBr,GeS2
CuSeTe,GeS2
CuSeI,GeS2
CuBrBr,GeS2
CuBrTe,GeS2
CuBrI,GeS2
CuTeTe,GeS2
CuTeI,GeS2
CuII,GeS2
ZnHH,GeS2
ZnHN,GeS2
ZnHO,GeS2
ZnHF,GeS2
ZnHS,GeS2
ZnHCl,GeS2
ZnHBr,GeS2
ZnHI,GeS2
ZnNN,GeS2
ZnNO,GeS2
ZnNF,GeS2
ZnNS,GeS2
ZnNCl,GeS2
ZnNBr,GeS2
ZnNI,GeS2
ZnOO,GeS2
ZnOF,GeS2
ZnOS,GeS2
ZnOCl,GeS2
ZnOBr,GeS2
ZnOI,GeS2
ZnFF,GeS2
ZnFS,GeS2
ZnFCl,GeS2
ZnFBr,GeS2
ZnFI,GeS2
ZnSS,GeS2
ZnSCl,GeS2
ZnSBr,GeS2
ZnSI,GeS2
ZnClCl,GeS2
ZnClBr,GeS2
ZnClI,GeS2
ZnBrBr,GeS2
ZnBrI,GeS2
ZnII,GeS2
GaHH,GeS2
GaHN,GeS2
GaHO,GeS2
GaHF,GeS2
GaHS,GeS2
GaHCl,GeS2
GaHSe,GeS2
GaHBr,GeS2
GaHTe,GeS2
GaHI,GeS2
GaNN,GeS2
GaNO,GeS2
GaNF,GeS2
GaNS,GeS2
GaNCl,GeS2
GaNSe,GeS2
GaNBr,GeS2
GaNTe,GeS2
GaNI,GeS2
GaOO,GeS2
GaOF,GeS2
GaOS,GeS2
GaOCl,GeS2
GaOSe,GeS2
GaOBr,GeS2
GaOTe,GeS2
GaOI,GeS2
GaFF,GeS2
GaFS,GeS2
GaFCl,GeS2
GaFSe,GeS2
GaFBr,GeS2
GaFTe,GeS2
GaFI,GeS2
GaSS,GeS2
GaSCl,GeS2
GaSSe,GeS2
GaSBr,GeS2
GaSTe,GeS2
GaSI,GeS2
GaClCl,GeS2
GaClSe,GeS2
GaClBr,GeS2
GaClTe,GeS2
GaClI,GeS2
GaSeBr,GeS2
GaSeI,GeS2
GaBrBr,GeS2
GaBrTe,GeS2
GaBrI,GeS2
GaTeI,GeS2
GaII,GeS2
GeHH,GeS2
GeHN,GeS2
GeHO,GeS2
GeHF,GeS2
GeHS,GeS2
GeHCl,GeS2
GeHSe,GeS2
GeHBr,GeS2
GeHTe,GeS2
GeHI,GeS2
GeNN,GeS2
GeNO,GeS2
GeNF,GeS2
GeNS,GeS2
GeNCl,GeS2
GeNSe,GeS2
GeNBr,GeS2
GeNTe,GeS2
GeNI,GeS2
GeOO,GeS2
GeOF,GeS2
GeOS,GeS2
GeOCl,GeS2
GeOSe,GeS2
GeOBr,GeS2
GeOTe,GeS2
GeOI,GeS2
GeFF,GeS2
GeFS,GeS2
GeFCl,GeS2
GeFSe,GeS2
GeFBr,GeS2
GeFTe,GeS2
GeFI,GeS2
GeSS,GeS2
GeSCl,GeS2
GeSSe,GeS2
GeSBr,GeS2
GeSTe,GeS2
GeSI,GeS2
GeClCl,GeS2
GeClSe,GeS2
GeClBr,GeS2
GeClTe,GeS2
GeClI,GeS2
GeSeSe,GeS2
GeSeBr,GeS2
GeSeTe,GeS2
GeSeI,GeS2
GeBrBr,GeS2
GeBrTe,GeS2
GeBrI,GeS2
GeTeTe,GeS2
GeTeI,GeS2
GeII,GeS2
AsHH,GeS2
AsHN,GeS2
AsHO,GeS2
AsHF,GeS2
AsHS,GeS2
AsHCl,GeS2
AsHSe,GeS2
AsHBr,GeS2
AsHTe,GeS2
AsHI,GeS2
AsNN,GeS2
AsNO,GeS2
AsNF,GeS2
AsNS,GeS2
AsNCl,GeS2
AsNSe,GeS2
AsNBr,GeS2
AsNTe,GeS2
AsNI,GeS2
AsOO,GeS2
AsOF,GeS2
AsOS,GeS2
AsOCl,GeS2
AsOSe,GeS2
AsOBr,GeS2
AsOTe,GeS2
AsOI,GeS2
AsFF,GeS2
AsFS,GeS2
AsFCl,GeS2
AsFSe,GeS2
AsFBr,GeS2
AsFTe,GeS2
AsFI,GeS2
AsSS,GeS2
AsSCl,GeS2
AsSSe,GeS2
AsSBr,GeS2
AsSTe,GeS2
AsSI,GeS2
AsClCl,GeS2
AsClSe,GeS2
AsClBr,GeS2
AsClTe,GeS2
AsClI,GeS2
AsSeBr,GeS2
AsSeI,GeS2
AsBrBr,GeS2
AsBrTe,GeS2
AsBrI,GeS2
AsTeI,GeS2
AsII,GeS2
SrHH,GeS2
SrHN,GeS2
SrHO,GeS2
SrHF,GeS2
SrHS,GeS2
SrHCl,GeS2
SrHBr,GeS2
SrHI,GeS2
SrNN,GeS2
SrNO,GeS2
SrNF,GeS2
SrNS,GeS2
SrNCl,GeS2
SrNBr,GeS2
SrNI,GeS2
SrOO,GeS2
SrOF,GeS2
SrOS,GeS2
SrOCl,GeS2
SrOBr,GeS2
SrOI,GeS2
SrFF,GeS2
SrFS,GeS2
SrFCl,GeS2
SrFBr,GeS2
SrFI,GeS2
SrSS,GeS2
SrSCl,GeS2
SrSBr,GeS2
SrSI,GeS2
SrClCl,GeS2
SrClBr,GeS2
SrClI,GeS2
SrBrBr,GeS2
SrBrI,GeS2
SrII,GeS2
YHN,GeS2
YHO,GeS2
YHS,GeS2
YHSe,GeS2
YHTe,GeS2
YNN,GeS2
YNO,GeS2
YNF,GeS2
YNS,GeS2
YNCl,GeS2
YNSe,GeS2
YNBr,GeS2
YNTe,GeS2
YNI,GeS2
YOO,GeS2
YOF,GeS2
YOS,GeS2
YOCl,GeS2
YOSe,GeS2
YOBr,GeS2
YOTe,GeS2
YOI,GeS2
YFS,GeS2
YFSe,GeS2
YFTe,GeS2
YSS,GeS2
YSCl,GeS2
YSSe,GeS2
YSBr,GeS2
YSTe,GeS2
YSI,GeS2
YClSe,GeS2
YClTe,GeS2
YSeBr,GeS2
YSeI,GeS2
YBrTe,GeS2
YTeI,GeS2
ZrHH,GeS2
ZrHN,GeS2
ZrHO,GeS2
ZrHF,GeS2
ZrHS,GeS2
ZrHCl,GeS2
ZrHSe,GeS2
ZrHBr,GeS2
ZrHTe,GeS2
ZrHI,GeS2
ZrNN,GeS2
ZrNO,GeS2
ZrNF,GeS2
ZrNS,GeS2
ZrNCl,GeS2
ZrNSe,GeS2
ZrNBr,GeS2
ZrNTe,GeS2
ZrNI,GeS2
ZrOO,GeS2
ZrOF,GeS2
ZrOS,GeS2
ZrOCl,GeS2
ZrOSe,GeS2
ZrOBr,GeS2
ZrOTe,GeS2
ZrOI,GeS2
ZrFF,GeS2
ZrFS,GeS2
ZrFCl,GeS2
ZrFSe,GeS2
ZrFBr,GeS2
ZrFTe,GeS2
ZrFI,GeS2
ZrSS,GeS2
ZrSCl,GeS2
ZrSSe,GeS2
ZrSBr,GeS2
ZrSTe,GeS2
ZrSI,GeS2
ZrClCl,GeS2
ZrClSe,GeS2
ZrClBr,GeS2
ZrClTe,GeS2
ZrClI,GeS2
ZrSeSe,GeS2
ZrSeBr,GeS2
ZrSeTe,GeS2
ZrSeI,GeS2
ZrBrBr,GeS2
ZrBrTe,GeS2
ZrBrI,GeS2
ZrTeTe,GeS2
ZrTeI,GeS2
ZrII,GeS2
NbHH,GeS2
NbHN,GeS2
NbHO,GeS2
NbHF,GeS2
NbHS,GeS2
NbHCl,GeS2
NbHSe,GeS2
NbHBr,GeS2
NbHTe,GeS2
NbHI,GeS2
NbNN,GeS2
NbNO,GeS2
NbNF,GeS2
NbNS,GeS2
NbNCl,GeS2
NbNSe,GeS2
NbNBr,GeS2
NbNTe,GeS2
NbNI,GeS2
NbOO,GeS2
NbOF,GeS2
NbOS,GeS2
NbOCl,GeS2
NbOSe,GeS2
NbOBr,GeS2
NbOTe,GeS2
NbOI,GeS2
NbFF,GeS2
NbFS,GeS2
NbFCl,GeS2
NbFSe,GeS2
NbFBr,GeS2
NbFTe,GeS2
NbFI,GeS2
NbSS,GeS2
NbSCl,GeS2
NbSSe,GeS2
NbSBr,GeS2
NbSTe,GeS2
NbSI,GeS2
NbClCl,GeS2
NbClSe,GeS2
NbClBr,GeS2
NbClTe,GeS2
NbClI,GeS2
NbSeSe,GeS2
NbSeBr,GeS2
NbSeTe,GeS2
NbSeI,GeS2
NbBrBr,GeS2
NbBrTe,GeS2
NbBrI,GeS2
NbTeTe,GeS2
NbTeI,GeS2
NbII,GeS2
MoHH,GeS2
MoHN,GeS2
MoHO,GeS2
MoHF,GeS2
MoHS,GeS2
MoHCl,GeS2
MoHSe,GeS2
MoHBr,GeS2
MoHTe,GeS2
MoHI,GeS2
MoNN,GeS2
MoNO,GeS2
MoNF,GeS2
MoNS,GeS2
MoNCl,GeS2
MoNSe,GeS2
MoNBr,GeS2
MoNTe,GeS2
MoNI,GeS2
MoOO,GeS2
MoOF,GeS2
MoOS,GeS2
MoOCl,GeS2
MoOSe,GeS2
MoOBr,GeS2
MoOTe,GeS2
MoOI,GeS2
MoFF,GeS2
MoFS,GeS2
MoFCl,GeS2
MoFSe,GeS2
MoFBr,GeS2
MoFTe,GeS2
MoFI,GeS2
MoSS,GeS2
MoSCl,GeS2
MoSSe,GeS2
MoSBr,GeS2
MoSTe,GeS2
MoSI,GeS2
MoClCl,GeS2
MoClSe,GeS2
MoClBr,GeS2
MoClTe,GeS2
MoClI,GeS2
MoSeSe,GeS2
MoSeBr,GeS2
MoSeTe,GeS2
MoSeI,GeS2
MoBrBr,GeS2
MoBrTe,GeS2
MoBrI,GeS2
MoTeTe,GeS2
MoTeI,GeS2
MoII,GeS2
RuHH,GeS2
RuHN,GeS2
RuHO,GeS2
RuHF,GeS2
RuHS,GeS2
RuHCl,GeS2
RuHSe,GeS2
RuHBr,GeS2
RuHTe,GeS2
RuHI,GeS2
RuNN,GeS2
RuNO,GeS2
RuNF,GeS2
RuNS,GeS2
RuNCl,GeS2
RuNSe,GeS2
RuNBr,GeS2
RuNTe,GeS2
RuNI,GeS2
RuOO,GeS2
RuOF,GeS2
RuOS,GeS2
RuOCl,GeS2
RuOSe,GeS2
RuOBr,GeS2
RuOTe,GeS2
RuOI,GeS2
RuFF,GeS2
RuFS,GeS2
RuFCl,GeS2
RuFSe,GeS2
RuFBr,GeS2
RuFTe,GeS2
RuFI,GeS2
RuSS,GeS2
RuSCl,GeS2
RuSSe,GeS2
RuSBr,GeS2
RuSTe,GeS2
RuSI,GeS2
RuClCl,GeS2
RuClSe,GeS2
RuClBr,GeS2
RuClTe,GeS2
RuClI,GeS2
RuSeSe,GeS2
RuSeBr,GeS2
RuSeTe,GeS2
RuSeI,GeS2
RuBrBr,GeS2
RuBrTe,GeS2
RuBrI,GeS2
RuTeTe,GeS2
RuTeI,GeS2
RuII,GeS2
RhHH,GeS2
RhHN,GeS2
RhHO,GeS2
RhHF,GeS2
RhHS,GeS2
RhHCl,GeS2
RhHSe,GeS2
RhHBr,GeS2
RhHTe,GeS2
RhHI,GeS2
RhNN,GeS2
RhNO,GeS2
RhNF,GeS2
RhNS,GeS2
RhNCl,GeS2
RhNSe,GeS2
RhNBr,GeS2
RhNTe,GeS2
RhNI,GeS2
RhOO,GeS2
RhOF,GeS2
RhOS,GeS2
RhOCl,GeS2
RhOSe,GeS2
RhOBr,GeS2
RhOTe,GeS2
RhOI,GeS2
RhFF,GeS2
RhFS,GeS2
RhFCl,GeS2
RhFSe,GeS2
RhFBr,GeS2
RhFTe,GeS2
RhFI,GeS2
RhSS,GeS2
RhSCl,GeS2
RhSSe,GeS2
RhSBr,GeS2
RhSTe,GeS2
RhSI,GeS2
RhClCl,GeS2
RhClSe,GeS2
RhClBr,GeS2
RhClTe,GeS2
RhClI,GeS2
RhSeSe,GeS2
RhSeBr,GeS2
RhSeTe,GeS2
RhSeI,GeS2
RhBrBr,GeS2
RhBrTe,GeS2
RhBrI,GeS2
RhTeTe,GeS2
RhTeI,GeS2
RhII,GeS2
PdHH,GeS2
PdHN,GeS2
PdHO,GeS2
PdHF,GeS2
PdHS,GeS2
PdHCl,GeS2
PdHBr,GeS2
PdHI,GeS2
PdNN,GeS2
PdNO,GeS2
PdNF,GeS2
PdNS,GeS2
PdNCl,GeS2
PdNSe,GeS2
PdNBr,GeS2
PdNTe,GeS2
PdNI,GeS2
PdOO,GeS2
PdOF,GeS2
PdOS,GeS2
PdOCl,GeS2
PdOSe,GeS2
PdOBr,GeS2
PdOTe,GeS2
PdOI,GeS2
PdFF,GeS2
PdFS,GeS2
PdFCl,GeS2
PdFBr,GeS2
PdFI,GeS2
PdSS,GeS2
PdSCl,GeS2
PdSSe,GeS2
PdSBr,GeS2
PdSTe,GeS2
PdSI,GeS2
PdClCl,GeS2
PdClBr,GeS2
PdClI,GeS2
PdSeSe,GeS2
PdSeTe,GeS2
PdBrBr,GeS2
PdBrI,GeS2
PdTeTe,GeS2
PdII,GeS2
AgHH,GeS2
AgHN,GeS2
AgHO,GeS2
AgHF,GeS2
AgHS,GeS2
AgHCl,GeS2
AgHSe,GeS2
AgHBr,GeS2
AgHTe,GeS2
AgHI,GeS2
AgNN,GeS2
AgNO,GeS2
AgNF,GeS2
AgNS,GeS2
AgNCl,GeS2
AgNSe,GeS2
AgNBr,GeS2
AgNTe,GeS2
AgNI,GeS2
AgOO,GeS2
AgOF,GeS2
AgOS,GeS2
AgOCl,GeS2
AgOSe,GeS2
AgOBr,GeS2
AgOTe,GeS2
AgOI,GeS2
AgFF,GeS2
AgFS,GeS2
AgFCl,GeS2
AgFSe,GeS2
AgFBr,GeS2
AgFTe,GeS2
AgFI,GeS2
AgSS,GeS2
AgSCl,GeS2
AgSSe,GeS2
AgSBr,GeS2
AgSTe,GeS2
AgSI,GeS2
AgClCl,GeS2
AgClSe,GeS2
AgClBr,GeS2
AgClTe,GeS2
AgClI,GeS2
AgSeBr,GeS2
AgSeI,GeS2
AgBrBr,GeS2
AgBrTe,GeS2
AgBrI,GeS2
AgTeI,GeS2
AgII,GeS2
CdHH,GeS2
CdHN,GeS2
CdHO,GeS2
CdHF,GeS2
CdHS,GeS2
CdHCl,GeS2
CdHBr,GeS2
CdHI,GeS2
CdNN,GeS2
CdNO,GeS2
CdNF,GeS2
CdNS,GeS2
CdNCl,GeS2
CdNBr,GeS2
CdNI,GeS2
CdOO,GeS2
CdOF,GeS2
CdOS,GeS2
CdOCl,GeS2
CdOBr,GeS2
CdOI,GeS2
CdFF,GeS2
CdFS,GeS2
CdFCl,GeS2
CdFBr,GeS2
CdFI,GeS2
CdSS,GeS2
CdSCl,GeS2
CdSBr,GeS2
CdSI,GeS2
CdClCl,GeS2
CdClBr,GeS2
CdClI,GeS2
CdBrBr,GeS2
CdBrI,GeS2
CdII,GeS2
InHH,GeS2
InHN,GeS2
InHO,GeS2
InHF,GeS2
InHS,GeS2
InHCl,GeS2
InHSe,GeS2
InHBr,GeS2
InHTe,GeS2
InHI,GeS2
InNN,GeS2
InNO,GeS2
InNF,GeS2
InNS,GeS2
InNCl,GeS2
InNSe,GeS2
InNBr,GeS2
InNTe,GeS2
InNI,GeS2
InOO,GeS2
InOF,GeS2
InOS,GeS2
InOCl,GeS2
InOSe,GeS2
InOBr,GeS2
InOTe,GeS2
InOI,GeS2
InFF,GeS2
InFS,GeS2
InFCl,GeS2
InFSe,GeS2
InFBr,GeS2
InFTe,GeS2
InFI,GeS2
InSS,GeS2
InSCl,GeS2
InSSe,GeS2
InSBr,GeS2
InSTe,GeS2
InSI,GeS2
InClCl,GeS2
InClSe,GeS2
InClBr,GeS2
InClTe,GeS2
InClI,GeS2
InSeBr,GeS2
InSeI,GeS2
InBrBr,GeS2
InBrTe,GeS2
InBrI,GeS2
InTeI,GeS2
InII,GeS2
SnHH,GeS2
SnHN,GeS2
SnHO,GeS2
SnHF,GeS2
SnHS,GeS2
SnHCl,GeS2
SnHBr,GeS2
SnHI,GeS2
SnNN,GeS2
SnNO,GeS2
SnNF,GeS2
SnNS,GeS2
SnNCl,GeS2
SnNSe,GeS2
SnNBr,GeS2
SnNTe,GeS2
SnNI,GeS2
SnOO,GeS2
SnOF,GeS2
SnOS,GeS2
SnOCl,GeS2
SnOSe,GeS2
SnOBr,GeS2
SnOTe,GeS2
SnOI,GeS2
SnFF,GeS2
SnFS,GeS2
SnFCl,GeS2
SnFBr,GeS2
SnFI,GeS2
SnSS,GeS2
SnSCl,GeS2
SnSSe,GeS2
SnSBr,GeS2
SnSTe,GeS2
SnSI,GeS2
SnClCl,GeS2
SnClBr,GeS2
SnClI,GeS2
SnSeSe,GeS2
SnSeTe,GeS2
SnBrBr,GeS2
SnBrI,GeS2
SnTeTe,GeS2
SnII,GeS2
SbHN,GeS2
SbHO,GeS2
SbHS,GeS2
SbHSe,GeS2
SbHTe,GeS2
SbNN,GeS2
SbNO,GeS2
SbNF,GeS2
SbNS,GeS2
SbNCl,GeS2
SbNSe,GeS2
SbNBr,GeS2
SbNTe,GeS2
SbNI,GeS2
SbOO,GeS2
SbOF,GeS2
SbOS,GeS2
SbOCl,GeS2
SbOSe,GeS2
SbOBr,GeS2
SbOTe,GeS2
SbOI,GeS2
SbFS,GeS2
SbFSe,GeS2
SbFTe,GeS2
SbSS,GeS2
SbSCl,GeS2
SbSSe,GeS2
SbSBr,GeS2
SbSTe,GeS2
SbSI,GeS2
SbClSe,GeS2
SbClTe,GeS2
SbSeBr,GeS2
SbSeI,GeS2
SbBrTe,GeS2
SbTeI,GeS2
BaHH,GeS2
BaHN,GeS2
BaHO,GeS2
BaHF,GeS2
BaHS,GeS2
BaHCl,GeS2
BaHBr,GeS2
BaHI,GeS2
BaNN,GeS2
BaNO,GeS2
BaNF,GeS2
BaNS,GeS2
BaNCl,GeS2
BaNBr,GeS2
BaNI,GeS2
BaOO,GeS2
BaOF,GeS2
BaOS,GeS2
BaOCl,GeS2
BaOBr,GeS2
BaOI,GeS2
BaFF,GeS2
BaFS,GeS2
BaFCl,GeS2
BaFBr,GeS2
BaFI,GeS2
BaSS,GeS2
BaSCl,GeS2
BaSBr,GeS2
BaSI,GeS2
BaClCl,GeS2
BaClBr,GeS2
BaClI,GeS2
BaBrBr,GeS2
BaBrI,GeS2
BaII,GeS2
HfHH,GeS2
HfHN,GeS2
HfHO,GeS2
HfHF,GeS2
HfHS,GeS2
HfHCl,GeS2
HfHSe,GeS2
HfHBr,GeS2
HfHTe,GeS2
HfHI,GeS2
HfNN,GeS2
HfNO,GeS2
HfNF,GeS2
HfNS,GeS2
HfNCl,GeS2
HfNSe,GeS2
HfNBr,GeS2
HfNTe,GeS2
HfNI,GeS2
HfOO,GeS2
HfOF,GeS2
HfOS,GeS2
HfOCl,GeS2
HfOSe,GeS2
HfOBr,GeS2
HfOTe,GeS2
HfOI,GeS2
HfFF,GeS2
HfFS,GeS2
HfFCl,GeS2
HfFSe,GeS2
HfFBr,GeS2
HfFTe,GeS2
HfFI,GeS2
HfSS,GeS2
HfSCl,GeS2
HfSSe,GeS2
HfSBr,GeS2
HfSTe,GeS2
HfSI,GeS2
HfClCl,GeS2
HfClSe,GeS2
HfClBr,GeS2
HfClTe,GeS2
HfClI,GeS2
HfSeSe,GeS2
HfSeBr,GeS2
HfSeTe,GeS2
HfSeI,GeS2
HfBrBr,GeS2
HfBrTe,GeS2
HfBrI,GeS2
HfTeTe,GeS2
HfTeI,GeS2
HfII,GeS2
TaHH,GeS2
TaHN,GeS2
TaHO,GeS2
TaHF,GeS2
TaHS,GeS2
TaHCl,GeS2
TaHSe,GeS2
TaHBr,GeS2
TaHTe,GeS2
TaHI,GeS2
TaNN,GeS2
TaNO,GeS2
TaNF,GeS2
TaNS,GeS2
TaNCl,GeS2
TaNSe,GeS2
TaNBr,GeS2
TaNTe,GeS2
TaNI,GeS2
TaOO,GeS2
TaOF,GeS2
TaOS,GeS2
TaOCl,GeS2
TaOSe,GeS2
TaOBr,GeS2
TaOTe,GeS2
TaOI,GeS2
TaFF,GeS2
TaFS,GeS2
TaFCl,GeS2
TaFSe,GeS2
TaFBr,GeS2
TaFTe,GeS2
TaFI,GeS2
TaSS,GeS2
TaSCl,GeS2
TaSSe,GeS2
TaSBr,GeS2
TaSTe,GeS2
TaSI,GeS2
TaClCl,GeS2
TaClSe,GeS2
TaClBr,GeS2
TaClTe,GeS2
TaClI,GeS2
TaSeSe,GeS2
TaSeBr,GeS2
TaSeTe,GeS2
TaSeI,GeS2
TaBrBr,GeS2
TaBrTe,GeS2
TaBrI,GeS2
TaTeTe,GeS2
TaTeI,GeS2
TaII,GeS2
WHH,GeS2
WHN,GeS2
WHO,GeS2
WHF,GeS2
WHS,GeS2
WHCl,GeS2
WHSe,GeS2
WHBr,GeS2
WHTe,GeS2
WHI,GeS2
WNN,GeS2
WNO,GeS2
WNF,GeS2
WNS,GeS2
WNCl,GeS2
WNSe,GeS2
WNBr,GeS2
WNTe,GeS2
WNI,GeS2
WOO,GeS2
WOF,GeS2
WOS,GeS2
WOCl,GeS2
WOSe,GeS2
WOBr,GeS2
WOTe,GeS2
WOI,GeS2
WFF,GeS2
WFS,GeS2
WFCl,GeS2
WFSe,GeS2
WFBr,GeS2
WFTe,GeS2
WFI,GeS2
WSS,GeS2
WSCl,GeS2
WSSe,GeS2
WSBr,GeS2
WSTe,GeS2
WSI,GeS2
WClCl,GeS2
WClSe,GeS2
WClBr,GeS2
WClTe,GeS2
WClI,GeS2
WSeSe,GeS2
WSeBr,GeS2
WSeTe,GeS2
WSeI,GeS2
WBrBr,GeS2
WBrTe,GeS2
WBrI,GeS2
WTeTe,GeS2
WTeI,GeS2
WII,GeS2
ReHH,GeS2
ReHN,GeS2
ReHO,GeS2
ReHF,GeS2
ReHS,GeS2
ReHCl,GeS2
ReHSe,GeS2
ReHBr,GeS2
ReHTe,GeS2
ReHI,GeS2
ReNN,GeS2
ReNO,GeS2
ReNF,GeS2
ReNS,GeS2
ReNCl,GeS2
ReNSe,GeS2
ReNBr,GeS2
ReNTe,GeS2
ReNI,GeS2
ReOO,GeS2
ReOF,GeS2
ReOS,GeS2
ReOCl,GeS2
ReOSe,GeS2
ReOBr,GeS2
ReOTe,GeS2
ReOI,GeS2
ReFF,GeS2
ReFS,GeS2
ReFCl,GeS2
ReFSe,GeS2
ReFBr,GeS2
ReFTe,GeS2
ReFI,GeS2
ReSS,GeS2
ReSCl,GeS2
ReSSe,GeS2
ReSBr,GeS2
ReSTe,GeS2
ReSI,GeS2
ReClCl,GeS2
ReClSe,GeS2
ReClBr,GeS2
ReClTe,GeS2
ReClI,GeS2
ReSeSe,GeS2
ReSeBr,GeS2
ReSeTe,GeS2
ReSeI,GeS2
ReBrBr,GeS2
ReBrTe,GeS2
ReBrI,GeS2
ReTeTe,GeS2
ReTeI,GeS2
ReII,GeS2
OsHH,GeS2
OsHN,GeS2
OsHO,GeS2
OsHF,GeS2
OsHS,GeS2
OsHCl,GeS2
OsHSe,GeS2
OsHBr,GeS2
OsHTe,GeS2
OsHI,GeS2
OsNN,GeS2
OsNO,GeS2
OsNF,GeS2
OsNS,GeS2
OsNCl,GeS2
OsNSe,GeS2
OsNBr,GeS2
OsNTe,GeS2
OsNI,GeS2
OsOO,GeS2
OsOF,GeS2
OsOS,GeS2
OsOCl,GeS2
OsOSe,GeS2
OsOBr,GeS2
OsOTe,GeS2
OsOI,GeS2
OsFF,GeS2
OsFS,GeS2
OsFCl,GeS2
OsFSe,GeS2
OsFBr,GeS2
OsFTe,GeS2
OsFI,GeS2
OsSS,GeS2
OsSCl,GeS2
OsSSe,GeS2
OsSBr,GeS2
OsSTe,GeS2
OsSI,GeS2
OsClCl,GeS2
OsClSe,GeS2
OsClBr,GeS2
OsClTe,GeS2
OsClI,GeS2
OsSeSe,GeS2
OsSeBr,GeS2
OsSeTe,GeS2
OsSeI,GeS2
OsBrBr,GeS2
OsBrTe,GeS2
OsBrI,GeS2
OsTeTe,GeS2
OsTeI,GeS2
OsII,GeS2
IrHH,GeS2
IrHN,GeS2
IrHO,GeS2
IrHF,GeS2
IrHS,GeS2
IrHCl,GeS2
IrHSe,GeS2
IrHBr,GeS2
IrHTe,GeS2
IrHI,GeS2
IrNN,GeS2
IrNO,GeS2
IrNF,GeS2
IrNS,GeS2
IrNCl,GeS2
IrNSe,GeS2
IrNBr,GeS2
IrNTe,GeS2
IrNI,GeS2
IrOO,GeS2
IrOF,GeS2
IrOS,GeS2
IrOCl,GeS2
IrOSe,GeS2
IrOBr,GeS2
IrOTe,GeS2
IrOI,GeS2
IrFF,GeS2
IrFS,GeS2
IrFCl,GeS2
IrFSe,GeS2
IrFBr,GeS2
IrFTe,GeS2
IrFI,GeS2
IrSS,GeS2
IrSCl,GeS2
IrSSe,GeS2
IrSBr,GeS2
IrSTe,GeS2
IrSI,GeS2
IrClCl,GeS2
IrClSe,GeS2
IrClBr,GeS2
IrClTe,GeS2
IrClI,GeS2
IrSeSe,GeS2
IrSeBr,GeS2
IrSeTe,GeS2
IrSeI,GeS2
IrBrBr,GeS2
IrBrTe,GeS2
IrBrI,GeS2
IrTeTe,GeS2
IrTeI,GeS2
IrII,GeS2
PtHH,GeS2
PtHN,GeS2
PtHO,GeS2
PtHF,GeS2
PtHS,GeS2
PtHCl,GeS2
PtHBr,GeS2
PtHI,GeS2
PtNN,GeS2
PtNO,GeS2
PtNF,GeS2
PtNS,GeS2
PtNCl,GeS2
PtNSe,GeS2
PtNBr,GeS2
PtNTe,GeS2
PtNI,GeS2
PtOO,GeS2
PtOF,GeS2
PtOS,GeS2
PtOCl,GeS2
PtOSe,GeS2
PtOBr,GeS2
PtOTe,GeS2
PtOI,GeS2
PtFF,GeS2
PtFS,GeS2
PtFCl,GeS2
PtFBr,GeS2
PtFI,GeS2
PtSS,GeS2
PtSCl,GeS2
PtSSe,GeS2
PtSBr,GeS2
PtSTe,GeS2
PtSI,GeS2
PtClCl,GeS2
PtClBr,GeS2
PtClI,GeS2
PtSeSe,GeS2
PtSeTe,GeS2
PtBrBr,GeS2
PtBrI,GeS2
PtTeTe,GeS2
PtII,GeS2
AuHH,GeS2
AuHN,GeS2
AuHO,GeS2
AuHF,GeS2
AuHS,GeS2
AuHCl,GeS2
AuHSe,GeS2
AuHBr,GeS2
AuHTe,GeS2
AuHI,GeS2
AuNN,GeS2
AuNO,GeS2
AuNF,GeS2
AuNS,GeS2
AuNCl,GeS2
AuNSe,GeS2
AuNBr,GeS2
AuNTe,GeS2
AuNI,GeS2
AuOO,GeS2
AuOF,GeS2
AuOS,GeS2
AuOCl,GeS2
AuOSe,GeS2
AuOBr,GeS2
AuOTe,GeS2
AuOI,GeS2
AuFF,GeS2
AuFS,GeS2
AuFCl,GeS2
AuFSe,GeS2
AuFBr,GeS2
AuFTe,GeS2
AuFI,GeS2
AuSS,GeS2
AuSCl,GeS2
AuSSe,GeS2
AuSBr,GeS2
AuSTe,GeS2
AuSI,GeS2
AuClCl,GeS2
AuClSe,GeS2
AuClBr,GeS2
AuClTe,GeS2
AuClI,GeS2
AuSeBr,GeS2
AuSeI,GeS2
AuBrBr,GeS2
AuBrTe,GeS2
AuBrI,GeS2
AuTeI,GeS2
AuII,GeS2
HgHH,GeS2
HgHN,GeS2
HgHO,GeS2
HgHF,GeS2
HgHS,GeS2
HgHCl,GeS2
HgHBr,GeS2
HgHI,GeS2
HgNN,GeS2
HgNO,GeS2
HgNF,GeS2
HgNS,GeS2
HgNCl,GeS2
HgNBr,GeS2
HgNI,GeS2
HgOO,GeS2
HgOF,GeS2
HgOS,GeS2
HgOCl,GeS2
HgOBr,GeS2
HgOI,GeS2
HgFF,GeS2
HgFS,GeS2
HgFCl,GeS2
HgFBr,GeS2
HgFI,GeS2
HgSS,GeS2
HgSCl,GeS2
HgSBr,GeS2
HgSI,GeS2
HgClCl,GeS2
HgClBr,GeS2
HgClI,GeS2
HgBrBr,GeS2
HgBrI,GeS2
HgII,GeS2
TlHN,GeS2
TlHO,GeS2
TlHS,GeS2
TlHSe,GeS2
TlHTe,GeS2
TlNN,GeS2
TlNO,GeS2
TlNF,GeS2
TlNS,GeS2
TlNCl,GeS2
TlNSe,GeS2
TlNBr,GeS2
TlNTe,GeS2
TlNI,GeS2
TlOO,GeS2
TlOF,GeS2
TlOS,GeS2
TlOCl,GeS2
TlOSe,GeS2
TlOBr,GeS2
TlOTe,GeS2
TlOI,GeS2
TlFS,GeS2
TlFSe,GeS2
TlFTe,GeS2
TlSS,GeS2
TlSCl,GeS2
TlSSe,GeS2
TlSBr,GeS2
TlSTe,GeS2
TlSI,GeS2
TlClSe,GeS2
TlClTe,GeS2
TlSeBr,GeS2
TlSeI,GeS2
TlBrTe,GeS2
TlTeI,GeS2
PbHH,GeS2
PbHN,GeS2
PbHO,GeS2
PbHF,GeS2
PbHS,GeS2
PbHCl,GeS2
PbHBr,GeS2
PbHI,GeS2
PbNN,GeS2
PbNO,GeS2
PbNF,GeS2
PbNS,GeS2
PbNCl,GeS2
PbNSe,GeS2
PbNBr,GeS2
PbNTe,GeS2
PbNI,GeS2
PbOO,GeS2
PbOF,GeS2
PbOS,GeS2
PbOCl,GeS2
PbOSe,GeS2
PbOBr,GeS2
PbOTe,GeS2
PbOI,GeS2
PbFF,GeS2
PbFS,GeS2
PbFCl,GeS2
PbFBr,GeS2
PbFI,GeS2
PbSS,GeS2
PbSCl,GeS2
PbSSe,GeS2
PbSBr,GeS2
PbSTe,GeS2
PbSI,GeS2
PbClCl,GeS2
PbClBr,GeS2
PbClI,GeS2
PbSeSe,GeS2
PbSeTe,GeS2
PbBrBr,GeS2
PbBrI,GeS2
PbTeTe,GeS2
PbII,GeS2
BiHN,GeS2
BiHO,GeS2
BiHS,GeS2
BiHSe,GeS2
BiHTe,GeS2
BiNN,GeS2
BiNO,GeS2
BiNF,GeS2
BiNS,GeS2
BiNCl,GeS2
BiNSe,GeS2
BiNBr,GeS2
BiNTe,GeS2
BiNI,GeS2
BiOO,GeS2
BiOF,GeS2
BiOS,GeS2
BiOCl,GeS2
BiOSe,GeS2
BiOBr,GeS2
BiOTe,GeS2
BiOI,GeS2
BiFS,GeS2
BiFSe,GeS2
BiFTe,GeS2
BiSS,GeS2
BiSCl,GeS2
BiSSe,GeS2
BiSBr,GeS2
BiSTe,GeS2
BiSI,GeS2
BiClSe,GeS2
BiClTe,GeS2
BiSeBr,GeS2
BiSeI,GeS2
BiBrTe,GeS2
BiTeI,GeS2
