AlHN,CdI2
AlHO,CdI2
AlHS,CdI2
AlHSe,CdI2
AlHTe,CdI2
AlNN,CdI2
AlNO,CdI2
AlNF,CdI2
AlNS,CdI2
AlNCl,CdI2
AlNSe,CdI2
AlNBr,CdI2
AlNTe,CdI2
AlNI,CdI2
AlOO,CdI2
AlOF,CdI2
AlOS,CdI2
AlOCl,CdI2
AlOSe,CdI2
AlOBr,CdI2
AlOTe,CdI2
AlOI,CdI2
AlFS,CdI2
AlFSe,CdI2
AlFTe,CdI2
AlSS,CdI2
AlSCl,CdI2
AlSSe,CdI2
AlSBr,CdI2
AlSTe,CdI2
AlSI,CdI2
AlClSe,CdI2
AlClTe,CdI2
AlSeBr,CdI2
AlSeI,CdI2
AlBrTe,CdI2
AlTeI,CdI2
SiHH,CdI2
SiHN,CdI2
SiHO,CdI2
SiHF,CdI2
SiHS,CdI2
SiHCl,CdI2
SiHSe,CdI2
SiHBr,CdI2
SiHTe,CdI2
SiHI,CdI2
SiNN,CdI2
SiNO,CdI2
SiNF,CdI2
SiNS,CdI2
SiNCl,CdI2
SiNSe,CdI2
SiNBr,CdI2
SiNTe,CdI2
SiNI,CdI2
SiOO,CdI2
SiOF,CdI2
SiOS,CdI2
SiOCl,CdI2
SiOSe,CdI2
SiOBr,CdI2
SiOTe,CdI2
SiOI,CdI2
SiFF,CdI2
SiFS,CdI2
SiFCl,CdI2
SiFSe,CdI2
SiFBr,CdI2
SiFTe,CdI2
SiFI,CdI2
SiSS,CdI2
SiSCl,CdI2
SiSSe,CdI2
SiSBr,CdI2
SiSTe,CdI2
SiSI,CdI2
SiClCl,CdI2
SiClSe,CdI2
SiClBr,CdI2
SiClTe,CdI2
SiClI,CdI2
SiSeSe,CdI2
SiSeBr,CdI2
SiSeTe,CdI2
SiSeI,CdI2
SiBrBr,CdI2
SiBrTe,CdI2
SiBrI,CdI2
SiTeTe,CdI2
SiTeI,CdI2
SiII,CdI2
CaHH,CdI2
CaHN,CdI2
CaHO,CdI2
CaHF,CdI2
CaHS,CdI2
CaHCl,CdI2
CaHBr,CdI2
CaHI,CdI2
CaNN,CdI2
CaNO,CdI2
CaNF,CdI2
CaNS,CdI2
CaNCl,CdI2
CaNBr,CdI2
CaNI,CdI2
CaOO,CdI2
CaOF,CdI2
CaOS,CdI2
CaOCl,CdI2
CaOBr,CdI2
CaOI,CdI2
CaFF,CdI2
CaFS,CdI2
CaFCl,CdI2
CaFBr,CdI2
CaFI,CdI2
CaSS,CdI2
CaSCl,CdI2
CaSBr,CdI2
CaSI,CdI2
CaClCl,CdI2
CaClBr,CdI2
CaClI,CdI2
CaBrBr,CdI2
CaBrI,CdI2
CaII,CdI2
ScHH,CdI2
ScHN,CdI2
ScHO,CdI2
ScHF,CdI2
ScHS,CdI2
ScHCl,CdI2
ScHSe,CdI2
ScHBr,CdI2
ScHTe,CdI2
ScHI,CdI2
ScNN,CdI2
ScNO,CdI2
ScNF,CdI2
ScNS,CdI2
ScNCl,CdI2
ScNSe,CdI2
ScNBr,CdI2
ScNTe,CdI2
ScNI,CdI2
ScOO,CdI2
ScOF,CdI2
ScOS,CdI2
ScOCl,CdI2
ScOSe,CdI2
ScOBr,CdI2
ScOTe,CdI2
ScOI,CdI2
ScFF,CdI2
ScFS,CdI2
ScFCl,CdI2
ScFSe,CdI2
ScFBr,CdI2
ScFTe,CdI2
ScFI,CdI2
ScSS,CdI2
ScSCl,CdI2
ScSSe,CdI2
ScSBr,CdI2
ScSTe,CdI2
ScSI,CdI2
ScClCl,CdI2
ScClSe,CdI2
ScClBr,CdI2
ScClTe,CdI2
ScClI,CdI2
ScSeBr,CdI2
ScSeI,CdI2
ScBrBr,CdI2
ScBrTe,CdI2
ScBrI,CdI2
ScTeI,CdI2
ScII,CdI2
TiHH,CdI2
TiHN,CdI2
TiHO,CdI2
TiHF,CdI2
TiHS,CdI2
TiHCl,CdI2
TiHSe,CdI2
TiHBr,CdI2
TiHTe,CdI2
TiHI,CdI2
TiNN,CdI2
TiNO,CdI2
TiNF,CdI2
TiNS,CdI2
TiNCl,CdI2
TiNSe,CdI2
TiNBr,CdI2
TiNTe,CdI2
TiNI,CdI2
TiOO,CdI2
TiOF,CdI2
TiOS,CdI2
TiOCl,CdI2
TiOSe,CdI2
TiOBr,CdI2
TiOTe,CdI2
TiOI,CdI2
TiFF,CdI2
TiFS,CdI2
TiFCl,CdI2
TiFSe,CdI2
TiFBr,CdI2
TiFTe,CdI2
TiFI,CdI2
TiSS,CdI2
TiSCl,CdI2
TiSSe,CdI2
TiSBr,CdI2
TiSTe,CdI2
TiSI,CdI2
TiClCl,CdI2
TiClSe,CdI2
TiClBr,CdI2
TiClTe,CdI2
TiClI,CdI2
TiSeSe,CdI2
TiSeBr,CdI2
TiSeTe,CdI2
TiSeI,CdI2
TiBrBr,CdI2
TiBrTe,CdI2
TiBrI,CdI2
TiTeTe,CdI2
TiTeI,CdI2
TiII,CdI2
VHH,CdI2
VHN,CdI2
VHO,CdI2
VHF,CdI2
VHS,CdI2
VHCl,CdI2
VHSe,CdI2
VHBr,CdI2
VHTe,CdI2
VHI,CdI2
VNN,CdI2
VNO,CdI2
VNF,CdI2
VNS,CdI2
VNCl,CdI2
VNSe,CdI2
VNBr,CdI2
VNTe,CdI2
VNI,CdI2
VOO,CdI2
VOF,CdI2
VOS,CdI2
VOCl,CdI2
VOSe,CdI2
VOBr,CdI2
VOTe,CdI2
VOI,CdI2
VFF,CdI2
VFS,CdI2
VFCl,CdI2
VFSe,CdI2
VFBr,CdI2
VFTe,CdI2
VFI,CdI2
VSS,CdI2
VSCl,CdI2
VSSe,CdI2
VSBr,CdI2
VSTe,CdI2
VSI,CdI2
VClCl,CdI2
VClSe,CdI2
VClBr,CdI2
VClTe,CdI2
VClI,CdI2
VSeSe,CdI2
VSeBr,CdI2
VSeTe,CdI2
VSeI,CdI2
VBrBr,CdI2
VBrTe,CdI2
VBrI,CdI2
VTeTe,CdI2
VTeI,CdI2
VII,CdI2
CrHH,CdI2
CrHN,CdI2
CrHO,CdI2
CrHF,CdI2
CrHS,CdI2
CrHCl,CdI2
CrHSe,CdI2
CrHBr,CdI2
CrHTe,CdI2
CrHI,CdI2
CrNN,CdI2
CrNO,CdI2
CrNF,CdI2
CrNS,CdI2
CrNCl,CdI2
CrNSe,CdI2
CrNBr,CdI2
CrNTe,CdI2
CrNI,CdI2
CrOO,CdI2
CrOF,CdI2
CrOS,CdI2
CrOCl,CdI2
CrOSe,CdI2
CrOBr,CdI2
CrOTe,CdI2
CrOI,CdI2
CrFF,CdI2
CrFS,CdI2
CrFCl,CdI2
CrFSe,CdI2
CrFBr,CdI2
CrFTe,CdI2
CrFI,CdI2
CrSS,CdI2
CrSCl,CdI2
CrSSe,CdI2
CrSBr,CdI2
CrSTe,CdI2
CrSI,CdI2
CrClCl,CdI2
CrClSe,CdI2
CrClBr,CdI2
CrClTe,CdI2
CrClI,CdI2
CrSeSe,CdI2
CrSeBr,CdI2
CrSeTe,CdI2
CrSeI,CdI2
CrBrBr,CdI2
CrBrTe,CdI2
CrBrI,CdI2
CrTeTe,CdI2
CrTeI,CdI2
CrII,CdI2
MnHH,CdI2
MnHN,CdI2
MnHO,CdI2
MnHF,CdI2
MnHS,CdI2
MnHCl,CdI2
MnHSe,CdI2
MnHBr,CdI2
MnHTe,CdI2
MnHI,CdI2
MnNN,CdI2
MnNO,CdI2
MnNF,CdI2
MnNS,CdI2
MnNCl,CdI2
MnNSe,CdI2
MnNBr,CdI2
MnNTe,CdI2
MnNI,CdI2
MnOO,CdI2
MnOF,CdI2
MnOS,CdI2
MnOCl,CdI2
MnOSe,CdI2
MnOBr,CdI2
MnOTe,CdI2
MnOI,CdI2
MnFF,CdI2
MnFS,CdI2
MnFCl,CdI2
MnFSe,CdI2
MnFBr,CdI2
MnFTe,CdI2
MnFI,CdI2
MnSS,CdI2
MnSCl,CdI2
MnSSe,CdI2
MnSBr,CdI2
MnSTe,CdI2
MnSI,CdI2
MnClCl,CdI2
MnClSe,CdI2
MnClBr,CdI2
MnClTe,CdI2
MnClI,CdI2
MnSeSe,CdI2
MnSeBr,CdI2
MnSeTe,CdI2
MnSeI,CdI2
MnBrBr,CdI2
MnBrTe,CdI2
MnBrI,CdI2
MnTeTe,CdI2
MnTeI,CdI2
MnII,CdI2
FeHH,CdI2
FeHN,CdI2
FeHO,CdI2
FeHF,CdI2
FeHS,CdI2
FeHCl,CdI2
FeHSe,CdI2
FeHBr,CdI2
FeHTe,CdI2
FeHI,CdI2
FeNN,CdI2
FeNO,CdI2
FeNF,CdI2
FeNS,CdI2
FeNCl,CdI2
FeNSe,CdI2
FeNBr,CdI2
FeNTe,CdI2
FeNI,CdI2
FeOO,CdI2
FeOF,CdI2
FeOS,CdI2
FeOCl,CdI2
FeOSe,CdI2
FeOBr,CdI2
FeOTe,CdI2
FeOI,CdI2
FeFF,CdI2
FeFS,CdI2
FeFCl,CdI2
FeFSe,CdI2
FeFBr,CdI2
FeFTe,CdI2
FeFI,CdI2
FeSS,CdI2
FeSCl,CdI2
FeSSe,CdI2
FeSBr,CdI2
FeSTe,CdI2
FeSI,CdI2
FeClCl,CdI2
FeClSe,CdI2
FeClBr,CdI2
FeClTe,CdI2
FeClI,CdI2
FeSeSe,CdI2
FeSeBr,CdI2
FeSeTe,CdI2
FeSeI,CdI2
FeBrBr,CdI2
FeBrTe,CdI2
FeBrI,CdI2
FeTeTe,CdI2
FeTeI,CdI2
FeII,CdI2
CoHH,CdI2
CoHN,CdI2
CoHO,CdI2
CoHF,CdI2
CoHS,CdI2
CoHCl,CdI2
CoHSe,CdI2
CoHBr,CdI2
CoHTe,CdI2
CoHI,CdI2
CoNN,CdI2
CoNO,CdI2
CoNF,CdI2
CoNS,CdI2
CoNCl,CdI2
CoNSe,CdI2
CoNBr,CdI2
CoNTe,CdI2
CoNI,CdI2
CoOO,CdI2
CoOF,CdI2
CoOS,CdI2
CoOCl,CdI2
CoOSe,CdI2
CoOBr,CdI2
CoOTe,CdI2
CoOI,CdI2
CoFF,CdI2
CoFS,CdI2
CoFCl,CdI2
CoFSe,CdI2
CoFBr,CdI2
CoFTe,CdI2
CoFI,CdI2
CoSS,CdI2
CoSCl,CdI2
CoSSe,CdI2
CoSBr,CdI2
CoSTe,CdI2
CoSI,CdI2
CoClCl,CdI2
CoClSe,CdI2
CoClBr,CdI2
CoClTe,CdI2
CoClI,CdI2
CoSeSe,CdI2
CoSeBr,CdI2
CoSeTe,CdI2
CoSeI,CdI2
CoBrBr,CdI2
CoBrTe,CdI2
CoBrI,CdI2
CoTeTe,CdI2
CoTeI,CdI2
CoII,CdI2
NiHH,CdI2
NiHN,CdI2
NiHO,CdI2
NiHF,CdI2
NiHS,CdI2
NiHCl,CdI2
NiHSe,CdI2
NiHBr,CdI2
NiHTe,CdI2
NiHI,CdI2
NiNN,CdI2
NiNO,CdI2
NiNF,CdI2
NiNS,CdI2
NiNCl,CdI2
NiNSe,CdI2
NiNBr,CdI2
NiNTe,CdI2
NiNI,CdI2
NiOO,CdI2
NiOF,CdI2
NiOS,CdI2
NiOCl,CdI2
NiOSe,CdI2
NiOBr,CdI2
NiOTe,CdI2
NiOI,CdI2
NiFF,CdI2
NiFS,CdI2
NiFCl,CdI2
NiFSe,CdI2
NiFBr,CdI2
NiFTe,CdI2
NiFI,CdI2
NiSS,CdI2
NiSCl,CdI2
NiSSe,CdI2
NiSBr,CdI2
NiSTe,CdI2
NiSI,CdI2
NiClCl,CdI2
NiClSe,CdI2
NiClBr,CdI2
NiClTe,CdI2
NiClI,CdI2
NiSeSe,CdI2
NiSeBr,CdI2
NiSeTe,CdI2
NiSeI,CdI2
NiBrBr,CdI2
NiBrTe,CdI2
NiBrI,CdI2
NiTeTe,CdI2
NiTeI,CdI2
NiII,CdI2
CuHH,CdI2
CuHN,CdI2
CuHO,CdI2
CuHF,CdI2
CuHS,CdI2
CuHCl,CdI2
CuHSe,CdI2
CuHBr,CdI2
CuHTe,CdI2
CuHI,CdI2
CuNN,CdI2
CuNO,CdI2
CuNF,CdI2
CuNS,CdI2
CuNCl,CdI2
CuNSe,CdI2
CuNBr,CdI2
CuNTe,CdI2
CuNI,CdI2
CuOO,CdI2
CuOF,CdI2
CuOS,CdI2
CuOCl,CdI2
CuOSe,CdI2
CuOBr,CdI2
CuOTe,CdI2
CuOI,CdI2
CuFF,CdI2
CuFS,CdI2
CuFCl,CdI2
CuFSe,CdI2
CuFBr,CdI2
CuFTe,CdI2
CuFI,CdI2
CuSS,CdI2
CuSCl,CdI2
CuSSe,CdI2
CuSBr,CdI2
CuSTe,CdI2
CuSI,CdI2
CuClCl,CdI2
CuClSe,CdI2
CuClBr,CdI2
CuClTe,CdI2
CuClI,CdI2
CuSeSe,CdI2
CuSeBr,CdI2
CuSeTe,CdI2
CuSeI,CdI2
CuBrBr,CdI2
CuBrTe,CdI2
CuBrI,CdI2
CuTeTe,CdI2
CuTeI,CdI2
CuII,CdI2
ZnHH,CdI2
ZnHN,CdI2
ZnHO,CdI2
ZnHF,CdI2
ZnHS,CdI2
ZnHCl,CdI2
ZnHBr,CdI2
ZnHI,CdI2
ZnNN,CdI2
ZnNO,CdI2
ZnNF,CdI2
ZnNS,CdI2
ZnNCl,CdI2
ZnNBr,CdI2
ZnNI,CdI2
ZnOO,CdI2
ZnOF,CdI2
ZnOS,CdI2
ZnOCl,CdI2
ZnOBr,CdI2
ZnOI,CdI2
ZnFF,CdI2
ZnFS,CdI2
ZnFCl,CdI2
ZnFBr,CdI2
ZnFI,CdI2
ZnSS,CdI2
ZnSCl,CdI2
ZnSBr,CdI2
ZnSI,CdI2
ZnClCl,CdI2
ZnClBr,CdI2
ZnClI,CdI2
ZnBrBr,CdI2
ZnBrI,CdI2
ZnII,CdI2
GaHH,CdI2
GaHN,CdI2
GaHO,CdI2
GaHF,CdI2
GaHS,CdI2
GaHCl,CdI2
GaHSe,CdI2
GaHBr,CdI2
GaHTe,CdI2
GaHI,CdI2
GaNN,CdI2
GaNO,CdI2
GaNF,CdI2
GaNS,CdI2
GaNCl,CdI2
GaNSe,CdI2
GaNBr,CdI2
GaNTe,CdI2
GaNI,CdI2
GaOO,CdI2
GaOF,CdI2
GaOS,CdI2
GaOCl,CdI2
GaOSe,CdI2
GaOBr,CdI2
GaOTe,CdI2
GaOI,CdI2
GaFF,CdI2
GaFS,CdI2
GaFCl,CdI2
GaFSe,CdI2
GaFBr,CdI2
GaFTe,CdI2
GaFI,CdI2
GaSS,CdI2
GaSCl,CdI2
GaSSe,CdI2
GaSBr,CdI2
GaSTe,CdI2
GaSI,CdI2
GaClCl,CdI2
GaClSe,CdI2
GaClBr,CdI2
GaClTe,CdI2
GaClI,CdI2
GaSeBr,CdI2
GaSeI,CdI2
GaBrBr,CdI2
GaBrTe,CdI2
GaBrI,CdI2
GaTeI,CdI2
GaII,CdI2
GeHH,CdI2
GeHN,CdI2
GeHO,CdI2
GeHF,CdI2
GeHS,CdI2
GeHCl,CdI2
GeHSe,CdI2
GeHBr,CdI2
GeHTe,CdI2
GeHI,CdI2
GeNN,CdI2
GeNO,CdI2
GeNF,CdI2
GeNS,CdI2
GeNCl,CdI2
GeNSe,CdI2
GeNBr,CdI2
GeNTe,CdI2
GeNI,CdI2
GeOO,CdI2
GeOF,CdI2
GeOS,CdI2
GeOCl,CdI2
GeOSe,CdI2
GeOBr,CdI2
GeOTe,CdI2
GeOI,CdI2
GeFF,CdI2
GeFS,CdI2
GeFCl,CdI2
GeFSe,CdI2
GeFBr,CdI2
GeFTe,CdI2
GeFI,CdI2
GeSS,CdI2
GeSCl,CdI2
GeSSe,CdI2
GeSBr,CdI2
GeSTe,CdI2
GeSI,CdI2
GeClCl,CdI2
GeClSe,CdI2
GeClBr,CdI2
GeClTe,CdI2
GeClI,CdI2
GeSeSe,CdI2
GeSeBr,CdI2
GeSeTe,CdI2
GeSeI,CdI2
GeBrBr,CdI2
GeBrTe,CdI2
GeBrI,CdI2
GeTeTe,CdI2
GeTeI,CdI2
GeII,CdI2
AsHH,CdI2
AsHN,CdI2
AsHO,CdI2
AsHF,CdI2
AsHS,CdI2
AsHCl,CdI2
AsHSe,CdI2
AsHBr,CdI2
AsHTe,CdI2
AsHI,CdI2
AsNN,CdI2
AsNO,CdI2
AsNF,CdI2
AsNS,CdI2
AsNCl,CdI2
AsNSe,CdI2
AsNBr,CdI2
AsNTe,CdI2
AsNI,CdI2
AsOO,CdI2
AsOF,CdI2
AsOS,CdI2
AsOCl,CdI2
AsOSe,CdI2
AsOBr,CdI2
AsOTe,CdI2
AsOI,CdI2
AsFF,CdI2
AsFS,CdI2
AsFCl,CdI2
AsFSe,CdI2
AsFBr,CdI2
AsFTe,CdI2
AsFI,CdI2
AsSS,CdI2
AsSCl,CdI2
AsSSe,CdI2
AsSBr,CdI2
AsSTe,CdI2
AsSI,CdI2
AsClCl,CdI2
AsClSe,CdI2
AsClBr,CdI2
AsClTe,CdI2
AsClI,CdI2
AsSeBr,CdI2
AsSeI,CdI2
AsBrBr,CdI2
AsBrTe,CdI2
AsBrI,CdI2
AsTeI,CdI2
AsII,CdI2
SrHH,CdI2
SrHN,CdI2
SrHO,CdI2
SrHF,CdI2
SrHS,CdI2
SrHCl,CdI2
SrHBr,CdI2
SrHI,CdI2
SrNN,CdI2
SrNO,CdI2
SrNF,CdI2
SrNS,CdI2
SrNCl,CdI2
SrNBr,CdI2
SrNI,CdI2
SrOO,CdI2
SrOF,CdI2
SrOS,CdI2
SrOCl,CdI2
SrOBr,CdI2
SrOI,CdI2
SrFF,CdI2
SrFS,CdI2
SrFCl,CdI2
SrFBr,CdI2
SrFI,CdI2
SrSS,CdI2
SrSCl,CdI2
SrSBr,CdI2
SrSI,CdI2
SrClCl,CdI2
SrClBr,CdI2
SrClI,CdI2
SrBrBr,CdI2
SrBrI,CdI2
SrII,CdI2
YHN,CdI2
YHO,CdI2
YHS,CdI2
YHSe,CdI2
YHTe,CdI2
YNN,CdI2
YNO,CdI2
YNF,CdI2
YNS,CdI2
YNCl,CdI2
YNSe,CdI2
YNBr,CdI2
YNTe,CdI2
YNI,CdI2
YOO,CdI2
YOF,CdI2
YOS,CdI2
YOCl,CdI2
YOSe,CdI2
YOBr,CdI2
YOTe,CdI2
YOI,CdI2
YFS,CdI2
YFSe,CdI2
YFTe,CdI2
YSS,CdI2
YSCl,CdI2
YSSe,CdI2
YSBr,CdI2
YSTe,CdI2
YSI,CdI2
YClSe,CdI2
YClTe,CdI2
YSeBr,CdI2
YSeI,CdI2
YBrTe,CdI2
YTeI,CdI2
ZrHH,CdI2
ZrHN,CdI2
ZrHO,CdI2
ZrHF,CdI2
ZrHS,CdI2
ZrHCl,CdI2
ZrHSe,CdI2
ZrHBr,CdI2
ZrHTe,CdI2
ZrHI,CdI2
ZrNN,CdI2
ZrNO,CdI2
ZrNF,CdI2
ZrNS,CdI2
ZrNCl,CdI2
ZrNSe,CdI2
ZrNBr,CdI2
ZrNTe,CdI2
ZrNI,CdI2
ZrOO,CdI2
ZrOF,CdI2
ZrOS,CdI2
ZrOCl,CdI2
ZrOSe,CdI2
ZrOBr,CdI2
ZrOTe,CdI2
ZrOI,CdI2
ZrFF,CdI2
ZrFS,CdI2
ZrFCl,CdI2
ZrFSe,CdI2
ZrFBr,CdI2
ZrFTe,CdI2
ZrFI,CdI2
ZrSS,CdI2
ZrSCl,CdI2
ZrSSe,CdI2
ZrSBr,CdI2
ZrSTe,CdI2
ZrSI,CdI2
ZrClCl,CdI2
ZrClSe,CdI2
ZrClBr,CdI2
ZrClTe,CdI2
ZrClI,CdI2
ZrSeSe,CdI2
ZrSeBr,CdI2
ZrSeTe,CdI2
ZrSeI,CdI2
ZrBrBr,CdI2
ZrBrTe,CdI2
ZrBrI,CdI2
ZrTeTe,CdI2
ZrTeI,CdI2
ZrII,CdI2
NbHH,CdI2
NbHN,CdI2
NbHO,CdI2
NbHF,CdI2
NbHS,CdI2
NbHCl,CdI2
NbHSe,CdI2
NbHBr,CdI2
NbHTe,CdI2
NbHI,CdI2
NbNN,CdI2
NbNO,CdI2
NbNF,CdI2
NbNS,CdI2
NbNCl,CdI2
NbNSe,CdI2
NbNBr,CdI2
NbNTe,CdI2
NbNI,CdI2
NbOO,CdI2
NbOF,CdI2
NbOS,CdI2
NbOCl,CdI2
NbOSe,CdI2
NbOBr,CdI2
NbOTe,CdI2
NbOI,CdI2
NbFF,CdI2
NbFS,CdI2
NbFCl,CdI2
NbFSe,CdI2
NbFBr,CdI2
NbFTe,CdI2
NbFI,CdI2
NbSS,CdI2
NbSCl,CdI2
NbSSe,CdI2
NbSBr,CdI2
NbSTe,CdI2
NbSI,CdI2
NbClCl,CdI2
NbClSe,CdI2
NbClBr,CdI2
NbClTe,CdI2
NbClI,CdI2
NbSeSe,CdI2
NbSeBr,CdI2
NbSeTe,CdI2
NbSeI,CdI2
NbBrBr,CdI2
NbBrTe,CdI2
NbBrI,CdI2
NbTeTe,CdI2
NbTeI,CdI2
NbII,CdI2
MoHH,CdI2
MoHN,CdI2
MoHO,CdI2
MoHF,CdI2
MoHS,CdI2
MoHCl,CdI2
MoHSe,CdI2
MoHBr,CdI2
MoHTe,CdI2
MoHI,CdI2
MoNN,CdI2
MoNO,CdI2
MoNF,CdI2
MoNS,CdI2
MoNCl,CdI2
MoNSe,CdI2
MoNBr,CdI2
MoNTe,CdI2
MoNI,CdI2
MoOO,CdI2
MoOF,CdI2
MoOS,CdI2
MoOCl,CdI2
MoOSe,CdI2
MoOBr,CdI2
MoOTe,CdI2
MoOI,CdI2
MoFF,CdI2
MoFS,CdI2
MoFCl,CdI2
MoFSe,CdI2
MoFBr,CdI2
MoFTe,CdI2
MoFI,CdI2
MoSS,CdI2
MoSCl,CdI2
MoSSe,CdI2
MoSBr,CdI2
MoSTe,CdI2
MoSI,CdI2
MoClCl,CdI2
MoClSe,CdI2
MoClBr,CdI2
MoClTe,CdI2
MoClI,CdI2
MoSeSe,CdI2
MoSeBr,CdI2
MoSeTe,CdI2
MoSeI,CdI2
MoBrBr,CdI2
MoBrTe,CdI2
MoBrI,CdI2
MoTeTe,CdI2
MoTeI,CdI2
MoII,CdI2
RuHH,CdI2
RuHN,CdI2
RuHO,CdI2
RuHF,CdI2
RuHS,CdI2
RuHCl,CdI2
RuHSe,CdI2
RuHBr,CdI2
RuHTe,CdI2
RuHI,CdI2
RuNN,CdI2
RuNO,CdI2
RuNF,CdI2
RuNS,CdI2
RuNCl,CdI2
RuNSe,CdI2
RuNBr,CdI2
RuNTe,CdI2
RuNI,CdI2
RuOO,CdI2
RuOF,CdI2
RuOS,CdI2
RuOCl,CdI2
RuOSe,CdI2
RuOBr,CdI2
RuOTe,CdI2
RuOI,CdI2
RuFF,CdI2
RuFS,CdI2
RuFCl,CdI2
RuFSe,CdI2
RuFBr,CdI2
RuFTe,CdI2
RuFI,CdI2
RuSS,CdI2
RuSCl,CdI2
RuSSe,CdI2
RuSBr,CdI2
RuSTe,CdI2
RuSI,CdI2
RuClCl,CdI2
RuClSe,CdI2
RuClBr,CdI2
RuClTe,CdI2
RuClI,CdI2
RuSeSe,CdI2
RuSeBr,CdI2
RuSeTe,CdI2
RuSeI,CdI2
RuBrBr,CdI2
RuBrTe,CdI2
RuBrI,CdI2
RuTeTe,CdI2
RuTeI,CdI2
RuII,CdI2
RhHH,CdI2
RhHN,CdI2
RhHO,CdI2
RhHF,CdI2
RhHS,CdI2
RhHCl,CdI2
RhHSe,CdI2
RhHBr,CdI2
RhHTe,CdI2
RhHI,CdI2
RhNN,CdI2
RhNO,CdI2
RhNF,CdI2
RhNS,CdI2
RhNCl,CdI2
RhNSe,CdI2
RhNBr,CdI2
RhNTe,CdI2
RhNI,CdI2
RhOO,CdI2
RhOF,CdI2
RhOS,CdI2
RhOCl,CdI2
RhOSe,CdI2
RhOBr,CdI2
RhOTe,CdI2
RhOI,CdI2
RhFF,CdI2
RhFS,CdI2
RhFCl,CdI2
RhFSe,CdI2
RhFBr,CdI2
RhFTe,CdI2
RhFI,CdI2
RhSS,CdI2
RhSCl,CdI2
RhSSe,CdI2
RhSBr,CdI2
RhSTe,CdI2
RhSI,CdI2
RhClCl,CdI2
RhClSe,CdI2
RhClBr,CdI2
RhClTe,CdI2
RhClI,CdI2
RhSeSe,CdI2
RhSeBr,CdI2
RhSeTe,CdI2
RhSeI,CdI2
RhBrBr,CdI2
RhBrTe,CdI2
RhBrI,CdI2
RhTeTe,CdI2
RhTeI,CdI2
RhII,CdI2
PdHH,CdI2
PdHN,CdI2
PdHO,CdI2
PdHF,CdI2
PdHS,CdI2
PdHCl,CdI2
PdHBr,CdI2
PdHI,CdI2
PdNN,CdI2
PdNO,CdI2
PdNF,CdI2
PdNS,CdI2
PdNCl,CdI2
PdNSe,CdI2
PdNBr,CdI2
PdNTe,CdI2
PdNI,CdI2
PdOO,CdI2
PdOF,CdI2
PdOS,CdI2
PdOCl,CdI2
PdOSe,CdI2
PdOBr,CdI2
PdOTe,CdI2
PdOI,CdI2
PdFF,CdI2
PdFS,CdI2
PdFCl,CdI2
PdFBr,CdI2
PdFI,CdI2
PdSS,CdI2
PdSCl,CdI2
PdSSe,CdI2
PdSBr,CdI2
PdSTe,CdI2
PdSI,CdI2
PdClCl,CdI2
PdClBr,CdI2
PdClI,CdI2
PdSeSe,CdI2
PdSeTe,CdI2
PdBrBr,CdI2
PdBrI,CdI2
PdTeTe,CdI2
PdII,CdI2
AgHH,CdI2
AgHN,CdI2
AgHO,CdI2
AgHF,CdI2
AgHS,CdI2
AgHCl,CdI2
AgHSe,CdI2
AgHBr,CdI2
AgHTe,CdI2
AgHI,CdI2
AgNN,CdI2
AgNO,CdI2
AgNF,CdI2
AgNS,CdI2
AgNCl,CdI2
AgNSe,CdI2
AgNBr,CdI2
AgNTe,CdI2
AgNI,CdI2
AgOO,CdI2
AgOF,CdI2
AgOS,CdI2
AgOCl,CdI2
AgOSe,CdI2
AgOBr,CdI2
AgOTe,CdI2
AgOI,CdI2
AgFF,CdI2
AgFS,CdI2
AgFCl,CdI2
AgFSe,CdI2
AgFBr,CdI2
AgFTe,CdI2
AgFI,CdI2
AgSS,CdI2
AgSCl,CdI2
AgSSe,CdI2
AgSBr,CdI2
AgSTe,CdI2
AgSI,CdI2
AgClCl,CdI2
AgClSe,CdI2
AgClBr,CdI2
AgClTe,CdI2
AgClI,CdI2
AgSeBr,CdI2
AgSeI,CdI2
AgBrBr,CdI2
AgBrTe,CdI2
AgBrI,CdI2
AgTeI,CdI2
AgII,CdI2
CdHH,CdI2
CdHN,CdI2
CdHO,CdI2
CdHF,CdI2
CdHS,CdI2
CdHCl,CdI2
CdHBr,CdI2
CdHI,CdI2
CdNN,CdI2
CdNO,CdI2
CdNF,CdI2
CdNS,CdI2
CdNCl,CdI2
CdNBr,CdI2
CdNI,CdI2
CdOO,CdI2
CdOF,CdI2
CdOS,CdI2
CdOCl,CdI2
CdOBr,CdI2
CdOI,CdI2
CdFF,CdI2
CdFS,CdI2
CdFCl,CdI2
CdFBr,CdI2
CdFI,CdI2
CdSS,CdI2
CdSCl,CdI2
CdSBr,CdI2
CdSI,CdI2
CdClCl,CdI2
CdClBr,CdI2
CdClI,CdI2
CdBrBr,CdI2
CdBrI,CdI2
CdII,CdI2
InHH,CdI2
InHN,CdI2
InHO,CdI2
InHF,CdI2
InHS,CdI2
InHCl,CdI2
InHSe,CdI2
InHBr,CdI2
InHTe,CdI2
InHI,CdI2
InNN,CdI2
InNO,CdI2
InNF,CdI2
InNS,CdI2
InNCl,CdI2
InNSe,CdI2
InNBr,CdI2
InNTe,CdI2
InNI,CdI2
InOO,CdI2
InOF,CdI2
InOS,CdI2
InOCl,CdI2
InOSe,CdI2
InOBr,CdI2
InOTe,CdI2
InOI,CdI2
InFF,CdI2
InFS,CdI2
InFCl,CdI2
InFSe,CdI2
InFBr,CdI2
InFTe,CdI2
InFI,CdI2
InSS,CdI2
InSCl,CdI2
InSSe,CdI2
InSBr,CdI2
InSTe,CdI2
InSI,CdI2
InClCl,CdI2
InClSe,CdI2
InClBr,CdI2
InClTe,CdI2
InClI,CdI2
InSeBr,CdI2
InSeI,CdI2
InBrBr,CdI2
InBrTe,CdI2
InBrI,CdI2
InTeI,CdI2
InII,CdI2
SnHH,CdI2
SnHN,CdI2
SnHO,CdI2
SnHF,CdI2
SnHS,CdI2
SnHCl,CdI2
SnHBr,CdI2
SnHI,CdI2
SnNN,CdI2
SnNO,CdI2
SnNF,CdI2
SnNS,CdI2
SnNCl,CdI2
SnNSe,CdI2
SnNBr,CdI2
SnNTe,CdI2
SnNI,CdI2
SnOO,CdI2
SnOF,CdI2
SnOS,CdI2
SnOCl,CdI2
SnOSe,CdI2
SnOBr,CdI2
SnOTe,CdI2
SnOI,CdI2
SnFF,CdI2
SnFS,CdI2
SnFCl,CdI2
SnFBr,CdI2
SnFI,CdI2
SnSS,CdI2
SnSCl,CdI2
SnSSe,CdI2
SnSBr,CdI2
SnSTe,CdI2
SnSI,CdI2
SnClCl,CdI2
SnClBr,CdI2
SnClI,CdI2
SnSeSe,CdI2
SnSeTe,CdI2
SnBrBr,CdI2
SnBrI,CdI2
SnTeTe,CdI2
SnII,CdI2
SbHN,CdI2
SbHO,CdI2
SbHS,CdI2
SbHSe,CdI2
SbHTe,CdI2
SbNN,CdI2
SbNO,CdI2
SbNF,CdI2
SbNS,CdI2
SbNCl,CdI2
SbNSe,CdI2
SbNBr,CdI2
SbNTe,CdI2
SbNI,CdI2
SbOO,CdI2
SbOF,CdI2
SbOS,CdI2
SbOCl,CdI2
SbOSe,CdI2
SbOBr,CdI2
SbOTe,CdI2
SbOI,CdI2
SbFS,CdI2
SbFSe,CdI2
SbFTe,CdI2
SbSS,CdI2
SbSCl,CdI2
SbSSe,CdI2
SbSBr,CdI2
SbSTe,CdI2
SbSI,CdI2
SbClSe,CdI2
SbClTe,CdI2
SbSeBr,CdI2
SbSeI,CdI2
SbBrTe,CdI2
SbTeI,CdI2
BaHH,CdI2
BaHN,CdI2
BaHO,CdI2
BaHF,CdI2
BaHS,CdI2
BaHCl,CdI2
BaHBr,CdI2
BaHI,CdI2
BaNN,CdI2
BaNO,CdI2
BaNF,CdI2
BaNS,CdI2
BaNCl,CdI2
BaNBr,CdI2
BaNI,CdI2
BaOO,CdI2
BaOF,CdI2
BaOS,CdI2
BaOCl,CdI2
BaOBr,CdI2
BaOI,CdI2
BaFF,CdI2
BaFS,CdI2
BaFCl,CdI2
BaFBr,CdI2
BaFI,CdI2
BaSS,CdI2
BaSCl,CdI2
BaSBr,CdI2
BaSI,CdI2
BaClCl,CdI2
BaClBr,CdI2
BaClI,CdI2
BaBrBr,CdI2
BaBrI,CdI2
BaII,CdI2
HfHH,CdI2
HfHN,CdI2
HfHO,CdI2
HfHF,CdI2
HfHS,CdI2
HfHCl,CdI2
HfHSe,CdI2
HfHBr,CdI2
HfHTe,CdI2
HfHI,CdI2
HfNN,CdI2
HfNO,CdI2
HfNF,CdI2
HfNS,CdI2
HfNCl,CdI2
HfNSe,CdI2
HfNBr,CdI2
HfNTe,CdI2
HfNI,CdI2
HfOO,CdI2
HfOF,CdI2
HfOS,CdI2
HfOCl,CdI2
HfOSe,CdI2
HfOBr,CdI2
HfOTe,CdI2
HfOI,CdI2
HfFF,CdI2
HfFS,CdI2
HfFCl,CdI2
HfFSe,CdI2
HfFBr,CdI2
HfFTe,CdI2
HfFI,CdI2
HfSS,CdI2
HfSCl,CdI2
HfSSe,CdI2
HfSBr,CdI2
HfSTe,CdI2
HfSI,CdI2
HfClCl,CdI2
HfClSe,CdI2
HfClBr,CdI2
HfClTe,CdI2
HfClI,CdI2
HfSeSe,CdI2
HfSeBr,CdI2
HfSeTe,CdI2
HfSeI,CdI2
HfBrBr,CdI2
HfBrTe,CdI2
HfBrI,CdI2
HfTeTe,CdI2
HfTeI,CdI2
HfII,CdI2
TaHH,CdI2
TaHN,CdI2
TaHO,CdI2
TaHF,CdI2
TaHS,CdI2
TaHCl,CdI2
TaHSe,CdI2
TaHBr,CdI2
TaHTe,CdI2
TaHI,CdI2
TaNN,CdI2
TaNO,CdI2
TaNF,CdI2
TaNS,CdI2
TaNCl,CdI2
TaNSe,CdI2
TaNBr,CdI2
TaNTe,CdI2
TaNI,CdI2
TaOO,CdI2
TaOF,CdI2
TaOS,CdI2
TaOCl,CdI2
TaOSe,CdI2
TaOBr,CdI2
TaOTe,CdI2
TaOI,CdI2
TaFF,CdI2
TaFS,CdI2
TaFCl,CdI2
TaFSe,CdI2
TaFBr,CdI2
TaFTe,CdI2
TaFI,CdI2
TaSS,CdI2
TaSCl,CdI2
TaSSe,CdI2
TaSBr,CdI2
TaSTe,CdI2
TaSI,CdI2
TaClCl,CdI2
TaClSe,CdI2
TaClBr,CdI2
TaClTe,CdI2
TaClI,CdI2
TaSeSe,CdI2
TaSeBr,CdI2
TaSeTe,CdI2
TaSeI,CdI2
TaBrBr,CdI2
TaBrTe,CdI2
TaBrI,CdI2
TaTeTe,CdI2
TaTeI,CdI2
TaII,CdI2
WHH,CdI2
WHN,CdI2
WHO,CdI2
WHF,CdI2
WHS,CdI2
WHCl,CdI2
WHSe,CdI2
WHBr,CdI2
WHTe,CdI2
WHI,CdI2
WNN,CdI2
WNO,CdI2
WNF,CdI2
WNS,CdI2
WNCl,CdI2
WNSe,CdI2
WNBr,CdI2
WNTe,CdI2
WNI,CdI2
WOO,CdI2
WOF,CdI2
WOS,CdI2
WOCl,CdI2
WOSe,CdI2
WOBr,CdI2
WOTe,CdI2
WOI,CdI2
WFF,CdI2
WFS,CdI2
WFCl,CdI2
WFSe,CdI2
WFBr,CdI2
WFTe,CdI2
WFI,CdI2
WSS,CdI2
WSCl,CdI2
WSSe,CdI2
WSBr,CdI2
WSTe,CdI2
WSI,CdI2
WClCl,CdI2
WClSe,CdI2
WClBr,CdI2
WClTe,CdI2
WClI,CdI2
WSeSe,CdI2
WSeBr,CdI2
WSeTe,CdI2
WSeI,CdI2
WBrBr,CdI2
WBrTe,CdI2
WBrI,CdI2
WTeTe,CdI2
WTeI,CdI2
WII,CdI2
ReHH,CdI2
ReHN,CdI2
ReHO,CdI2
ReHF,CdI2
ReHS,CdI2
ReHCl,CdI2
ReHSe,CdI2
ReHBr,CdI2
ReHTe,CdI2
ReHI,CdI2
ReNN,CdI2
ReNO,CdI2
ReNF,CdI2
ReNS,CdI2
ReNCl,CdI2
ReNSe,CdI2
ReNBr,CdI2
ReNTe,CdI2
ReNI,CdI2
ReOO,CdI2
ReOF,CdI2
ReOS,CdI2
ReOCl,CdI2
ReOSe,CdI2
ReOBr,CdI2
ReOTe,CdI2
ReOI,CdI2
ReFF,CdI2
ReFS,CdI2
ReFCl,CdI2
ReFSe,CdI2
ReFBr,CdI2
ReFTe,CdI2
ReFI,CdI2
ReSS,CdI2
ReSCl,CdI2
ReSSe,CdI2
ReSBr,CdI2
ReSTe,CdI2
ReSI,CdI2
ReClCl,CdI2
ReClSe,CdI2
ReClBr,CdI2
ReClTe,CdI2
ReClI,CdI2
ReSeSe,CdI2
ReSeBr,CdI2
ReSeTe,CdI2
ReSeI,CdI2
ReBrBr,CdI2
ReBrTe,CdI2
ReBrI,CdI2
ReTeTe,CdI2
ReTeI,CdI2
ReII,CdI2
OsHH,CdI2
OsHN,CdI2
OsHO,CdI2
OsHF,CdI2
OsHS,CdI2
OsHCl,CdI2
OsHSe,CdI2
OsHBr,CdI2
OsHTe,CdI2
OsHI,CdI2
OsNN,CdI2
OsNO,CdI2
OsNF,CdI2
OsNS,CdI2
OsNCl,CdI2
OsNSe,CdI2
OsNBr,CdI2
OsNTe,CdI2
OsNI,CdI2
OsOO,CdI2
OsOF,CdI2
OsOS,CdI2
OsOCl,CdI2
OsOSe,CdI2
OsOBr,CdI2
OsOTe,CdI2
OsOI,CdI2
OsFF,CdI2
OsFS,CdI2
OsFCl,CdI2
OsFSe,CdI2
OsFBr,CdI2
OsFTe,CdI2
OsFI,CdI2
OsSS,CdI2
OsSCl,CdI2
OsSSe,CdI2
OsSBr,CdI2
OsSTe,CdI2
OsSI,CdI2
OsClCl,CdI2
OsClSe,CdI2
OsClBr,CdI2
OsClTe,CdI2
OsClI,CdI2
OsSeSe,CdI2
OsSeBr,CdI2
OsSeTe,CdI2
OsSeI,CdI2
OsBrBr,CdI2
OsBrTe,CdI2
OsBrI,CdI2
OsTeTe,CdI2
OsTeI,CdI2
OsII,CdI2
IrHH,CdI2
IrHN,CdI2
IrHO,CdI2
IrHF,CdI2
IrHS,CdI2
IrHCl,CdI2
IrHSe,CdI2
IrHBr,CdI2
IrHTe,CdI2
IrHI,CdI2
IrNN,CdI2
IrNO,CdI2
IrNF,CdI2
IrNS,CdI2
IrNCl,CdI2
IrNSe,CdI2
IrNBr,CdI2
IrNTe,CdI2
IrNI,CdI2
IrOO,CdI2
IrOF,CdI2
IrOS,CdI2
IrOCl,CdI2
IrOSe,CdI2
IrOBr,CdI2
IrOTe,CdI2
IrOI,CdI2
IrFF,CdI2
IrFS,CdI2
IrFCl,CdI2
IrFSe,CdI2
IrFBr,CdI2
IrFTe,CdI2
IrFI,CdI2
IrSS,CdI2
IrSCl,CdI2
IrSSe,CdI2
IrSBr,CdI2
IrSTe,CdI2
IrSI,CdI2
IrClCl,CdI2
IrClSe,CdI2
IrClBr,CdI2
IrClTe,CdI2
IrClI,CdI2
IrSeSe,CdI2
IrSeBr,CdI2
IrSeTe,CdI2
IrSeI,CdI2
IrBrBr,CdI2
IrBrTe,CdI2
IrBrI,CdI2
IrTeTe,CdI2
IrTeI,CdI2
IrII,CdI2
PtHH,CdI2
PtHN,CdI2
PtHO,CdI2
PtHF,CdI2
PtHS,CdI2
PtHCl,CdI2
PtHBr,CdI2
PtHI,CdI2
PtNN,CdI2
PtNO,CdI2
PtNF,CdI2
PtNS,CdI2
PtNCl,CdI2
PtNSe,CdI2
PtNBr,CdI2
PtNTe,CdI2
PtNI,CdI2
PtOO,CdI2
PtOF,CdI2
PtOS,CdI2
PtOCl,CdI2
PtOSe,CdI2
PtOBr,CdI2
PtOTe,CdI2
PtOI,CdI2
PtFF,CdI2
PtFS,CdI2
PtFCl,CdI2
PtFBr,CdI2
PtFI,CdI2
PtSS,CdI2
PtSCl,CdI2
PtSSe,CdI2
PtSBr,CdI2
PtSTe,CdI2
PtSI,CdI2
PtClCl,CdI2
PtClBr,CdI2
PtClI,CdI2
PtSeSe,CdI2
PtSeTe,CdI2
PtBrBr,CdI2
PtBrI,CdI2
PtTeTe,CdI2
PtII,CdI2
AuHH,CdI2
AuHN,CdI2
AuHO,CdI2
AuHF,CdI2
AuHS,CdI2
AuHCl,CdI2
AuHSe,CdI2
AuHBr,CdI2
AuHTe,CdI2
AuHI,CdI2
AuNN,CdI2
AuNO,CdI2
AuNF,CdI2
AuNS,CdI2
AuNCl,CdI2
AuNSe,CdI2
AuNBr,CdI2
AuNTe,CdI2
AuNI,CdI2
AuOO,CdI2
AuOF,CdI2
AuOS,CdI2
AuOCl,CdI2
AuOSe,CdI2
AuOBr,CdI2
AuOTe,CdI2
AuOI,CdI2
AuFF,CdI2
AuFS,CdI2
AuFCl,CdI2
AuFSe,CdI2
AuFBr,CdI2
AuFTe,CdI2
AuFI,CdI2
AuSS,CdI2
AuSCl,CdI2
AuSSe,CdI2
AuSBr,CdI2
AuSTe,CdI2
AuSI,CdI2
AuClCl,CdI2
AuClSe,CdI2
AuClBr,CdI2
AuClTe,CdI2
AuClI,CdI2
AuSeBr,CdI2
AuSeI,CdI2
AuBrBr,CdI2
AuBrTe,CdI2
AuBrI,CdI2
AuTeI,CdI2
AuII,CdI2
HgHH,CdI2
HgHN,CdI2
HgHO,CdI2
HgHF,CdI2
HgHS,CdI2
HgHCl,CdI2
HgHBr,CdI2
HgHI,CdI2
HgNN,CdI2
HgNO,CdI2
HgNF,CdI2
HgNS,CdI2
HgNCl,CdI2
HgNBr,CdI2
HgNI,CdI2
HgOO,CdI2
HgOF,CdI2
HgOS,CdI2
HgOCl,CdI2
HgOBr,CdI2
HgOI,CdI2
HgFF,CdI2
HgFS,CdI2
HgFCl,CdI2
HgFBr,CdI2
HgFI,CdI2
HgSS,CdI2
HgSCl,CdI2
HgSBr,CdI2
HgSI,CdI2
HgClCl,CdI2
HgClBr,CdI2
HgClI,CdI2
HgBrBr,CdI2
HgBrI,CdI2
HgII,CdI2
TlHN,CdI2
TlHO,CdI2
TlHS,CdI2
TlHSe,CdI2
TlHTe,CdI2
TlNN,CdI2
TlNO,CdI2
TlNF,CdI2
TlNS,CdI2
TlNCl,CdI2
TlNSe,CdI2
TlNBr,CdI2
TlNTe,CdI2
TlNI,CdI2
TlOO,CdI2
TlOF,CdI2
TlOS,CdI2
TlOCl,CdI2
TlOSe,CdI2
TlOBr,CdI2
TlOTe,CdI2
TlOI,CdI2
TlFS,CdI2
TlFSe,CdI2
TlFTe,CdI2
TlSS,CdI2
TlSCl,CdI2
TlSSe,CdI2
TlSBr,CdI2
TlSTe,CdI2
TlSI,CdI2
TlClSe,CdI2
TlClTe,CdI2
TlSeBr,CdI2
TlSeI,CdI2
TlBrTe,CdI2
TlTeI,CdI2
PbHH,CdI2
PbHN,CdI2
PbHO,CdI2
PbHF,CdI2
PbHS,CdI2
PbHCl,CdI2
PbHBr,CdI2
PbHI,CdI2
PbNN,CdI2
PbNO,CdI2
PbNF,CdI2
PbNS,CdI2
PbNCl,CdI2
PbNSe,CdI2
PbNBr,CdI2
PbNTe,CdI2
PbNI,CdI2
PbOO,CdI2
PbOF,CdI2
PbOS,CdI2
PbOCl,CdI2
PbOSe,CdI2
PbOBr,CdI2
PbOTe,CdI2
PbOI,CdI2
PbFF,CdI2
PbFS,CdI2
PbFCl,CdI2
PbFBr,CdI2
PbFI,CdI2
PbSS,CdI2
PbSCl,CdI2
PbSSe,CdI2
PbSBr,CdI2
PbSTe,CdI2
PbSI,CdI2
PbClCl,CdI2
PbClBr,CdI2
PbClI,CdI2
PbSeSe,CdI2
PbSeTe,CdI2
PbBrBr,CdI2
PbBrI,CdI2
PbTeTe,CdI2
PbII,CdI2
BiHN,CdI2
BiHO,CdI2
BiHS,CdI2
BiHSe,CdI2
BiHTe,CdI2
BiNN,CdI2
BiNO,CdI2
BiNF,CdI2
BiNS,CdI2
BiNCl,CdI2
BiNSe,CdI2
BiNBr,CdI2
BiNTe,CdI2
BiNI,CdI2
BiOO,CdI2
BiOF,CdI2
BiOS,CdI2
BiOCl,CdI2
BiOSe,CdI2
BiOBr,CdI2
BiOTe,CdI2
BiOI,CdI2
BiFS,CdI2
BiFSe,CdI2
BiFTe,CdI2
BiSS,CdI2
BiSCl,CdI2
BiSSe,CdI2
BiSBr,CdI2
BiSTe,CdI2
BiSI,CdI2
BiClSe,CdI2
BiClTe,CdI2
BiSeBr,CdI2
BiSeI,CdI2
BiBrTe,CdI2
BiTeI,CdI2
